,auc,prauc,model,assignment,k,iteration,init
0,0.8323121621910317,0.026510006767908857,BiAA,soft,2,0,False
1,0.827827981798372,0.023878913574404668,SBM,soft,2,0,True
2,0.8361347888938737,0.03479855304310419,SBM,soft,2,0,False
3,0.8360614411758422,0.027318336684541984,DBiAA,soft,2,0,False
4,0.8337185868814402,0.02730724895901146,DSBM,soft,2,0,True
5,0.8340710831962515,0.0274942549753505,DSBM,soft,2,0,False
6,0.7809637747726575,0.014459842083756337,BiAA,hard,2,0,False
7,0.7809637747726575,0.014459842083756337,SBM,hard,2,0,True
8,0.6377374009271721,0.009038367326311128,SBM,hard,2,0,False
9,0.8243382682817408,0.02596928437406796,DBiAA,hard,2,0,False
10,0.8148607461528055,0.0254105156719883,DSBM,hard,2,0,True
11,0.7075971857263916,0.021130406570168132,DSBM,hard,2,0,False
12,0.8366695863331126,0.027786406163946852,BiAA,soft,3,0,False
13,0.8363662258682447,0.027323028403458745,SBM,soft,3,0,True
14,0.8196383174175906,0.03418859034160526,SBM,soft,3,0,False
15,0.86224230383046,0.03632580113401148,DBiAA,soft,3,0,False
16,0.8350594971052575,0.027309968433421164,DSBM,soft,3,0,True
17,0.850295171156544,0.0386696029257931,DSBM,soft,3,0,False
18,0.8272290941200766,0.022944333529523707,BiAA,hard,3,0,False
19,0.7734217778632314,0.01799405911259556,SBM,hard,3,0,True
20,0.7809637747726575,0.014459842083756337,SBM,hard,3,0,False
21,0.8567301872147095,0.029308185901521497,DBiAA,hard,3,0,False
22,0.820477899549232,0.02564175036077749,DSBM,hard,3,0,True
23,0.8385855284240211,0.028529602959784652,DSBM,hard,3,0,False
24,0.8606663960634351,0.04785674147176298,BiAA,soft,4,0,False
25,0.819250927528182,0.03178256838243061,SBM,soft,4,0,True
26,0.8520042441980531,0.046065178614787594,SBM,soft,4,0,False
27,0.8741039828523005,0.04430838052232575,DBiAA,soft,4,0,False
28,0.8635212601565226,0.04061229484625087,DSBM,soft,4,0,True
29,0.8589195809922595,0.05368424160424815,DSBM,soft,4,0,False
30,0.8525151858260875,0.022694210362108322,BiAA,hard,4,0,False
31,0.83778796100465,0.022694210362108322,SBM,hard,4,0,True
32,0.7925840472273851,0.014702296574389994,SBM,hard,4,0,False
33,0.8607173121977967,0.03930732692844211,DBiAA,hard,4,0,False
34,0.8108714848284162,0.024887800265894013,DSBM,hard,4,0,True
35,0.8569292230126685,0.040101025484767336,DSBM,hard,4,0,False
36,0.870102971650751,0.04535672491782908,BiAA,soft,5,0,False
37,0.8783015374536236,0.03818322973220898,SBM,soft,5,0,True
38,0.8531874212224144,0.03768428367122951,SBM,soft,5,0,False
39,0.8828850577168209,0.06316276259840159,DBiAA,soft,5,0,False
40,0.853560924893361,0.02979407690634258,DSBM,soft,5,0,True
41,0.8756613756613757,0.053398964611324935,DSBM,soft,5,0,False
42,0.8505305247566352,0.031031566219303065,BiAA,hard,5,0,False
43,0.8440602590669886,0.031031566219303065,SBM,hard,5,0,True
44,0.6820379983906228,0.011053022084213543,SBM,hard,5,0,False
45,0.8870858168300967,0.04280022880167527,DBiAA,hard,5,0,False
46,0.8574836035805079,0.0334060783741937,DSBM,hard,5,0,True
47,0.813569327835815,0.027000936185541755,DSBM,hard,5,0,False
48,0.8839678266999935,0.048080974692083424,BiAA,soft,6,0,False
49,0.8804115305461202,0.050348536884617046,SBM,soft,6,0,True
50,0.8625677398221141,0.042712492983301945,SBM,soft,6,0,False
51,0.8734011265639798,0.040246333468272756,DBiAA,soft,6,0,False
52,0.873983279568744,0.03567751558828515,DSBM,soft,6,0,True
53,0.8817997963354626,0.042855846997993156,DSBM,soft,6,0,False
54,0.8623961204041957,0.03317641045849394,BiAA,hard,6,0,False
55,0.8083192690864293,0.02136989153880834,SBM,hard,6,0,True
56,0.6820379983906228,0.015038747989945079,SBM,hard,6,0,False
57,0.8663284126272013,0.0463072669871548,DBiAA,hard,6,0,False
58,0.8613425480854822,0.026805309904530693,DSBM,hard,6,0,True
59,0.8553953299579141,0.03939003196556261,DSBM,hard,6,0,False
60,0.8836633980644747,0.052683892925319366,BiAA,soft,7,0,False
61,0.8718533472907631,0.03681064283481523,SBM,soft,7,0,True
62,0.8522036360528958,0.042964186777940665,SBM,soft,7,0,False
63,0.8817656148746325,0.04212860620293104,DBiAA,soft,7,0,False
64,0.8701275395757226,0.038795914332797866,DSBM,soft,7,0,True
65,0.8875109487491722,0.045769616504468535,DSBM,soft,7,0,False
66,0.8792361867731988,0.03813976590361768,BiAA,hard,7,0,False
67,0.8796449400756264,0.031165621612660368,SBM,hard,7,0,True
68,0.75899577716536,0.014408307310727227,SBM,hard,7,0,False
69,0.8685883056677135,0.052234611179359305,DBiAA,hard,7,0,False
70,0.8612335946790859,0.028726347267082883,DSBM,hard,7,0,True
71,0.8489229279269656,0.03283611759681776,DSBM,hard,7,0,False
72,0.8937604591709571,0.04876390067119298,BiAA,soft,8,0,False
73,0.8780337826771206,0.04122406640624402,SBM,soft,8,0,True
74,0.8499198872011793,0.04959475328015753,SBM,soft,8,0,False
75,0.8971835900503464,0.057618552267108734,DBiAA,soft,8,0,False
76,0.8925242296709321,0.04889007893755346,DSBM,soft,8,0,True
77,0.8630106745853718,0.03676554072345619,DSBM,soft,8,0,False
78,0.8845503357616412,0.03701430029982139,BiAA,hard,8,0,False
79,0.8383444779137915,0.027041923921616102,SBM,hard,8,0,True
80,0.7932050104324667,0.01749664249414508,SBM,hard,8,0,False
81,0.8833564770307705,0.04233593621660281,DBiAA,hard,8,0,False
82,0.8573404687132816,0.026293607074983103,DSBM,hard,8,0,True
83,0.8436710888931614,0.04437699845762484,DSBM,hard,8,0,False
84,0.8828081494299529,0.04199872897414431,BiAA,soft,9,0,False
85,0.8894788751450932,0.04098057597596414,SBM,soft,9,0,True
86,0.8516211269912483,0.04838222392188359,SBM,soft,9,0,False
87,0.9008545365207545,0.04571705479975312,DBiAA,soft,9,0,False
88,0.8914496499960836,0.046897103467545415,DSBM,soft,9,0,True
89,0.880362038639293,0.05263628352145154,DSBM,soft,9,0,False
90,0.8671256239896886,0.03192219292694555,BiAA,hard,9,0,False
91,0.8554943137715681,0.025975836098351263,SBM,hard,9,0,True
92,0.8026750553668454,0.01890980430379341,SBM,hard,9,0,False
93,0.8756079671288285,0.056281618344629344,DBiAA,hard,9,0,False
94,0.8307074138164314,0.03316482271862393,DSBM,hard,9,0,True
95,0.862987174831051,0.04257630948279932,DSBM,hard,9,0,False
96,0.7970130388030792,0.025648507080396475,BiAA,soft,2,1,False
97,0.7910252301907753,0.020097158112768947,SBM,soft,2,1,True
98,0.7954414037186581,0.028373073302601002,SBM,soft,2,1,False
99,0.7984020167061889,0.02176951070646129,DBiAA,soft,2,1,False
100,0.7984176832090695,0.021775087690682784,DSBM,soft,2,1,True
101,0.8024090808747606,0.02206689353537888,DSBM,soft,2,1,False
102,0.7383053116565903,0.01256335210002975,BiAA,hard,2,1,False
103,0.726709251069951,0.01256335210002975,SBM,hard,2,1,True
104,0.7383053116565903,0.01251322095042073,SBM,hard,2,1,False
105,0.7727780270175963,0.020452720375433435,DBiAA,hard,2,1,False
106,0.7469695998632742,0.018779786923213845,DSBM,hard,2,1,True
107,0.7279803741445734,0.023365865203577245,DSBM,hard,2,1,False
108,0.846797980445356,0.04345326380590055,BiAA,soft,3,1,False
109,0.7888668133621026,0.021074651080177854,SBM,soft,3,1,True
110,0.8569075035427661,0.047875297807691286,SBM,soft,3,1,False
111,0.842729674492797,0.03461777825900971,DBiAA,soft,3,1,False
112,0.824639136348423,0.024632229715341892,DSBM,soft,3,1,True
113,0.8524856331047448,0.03526447956908898,DSBM,soft,3,1,False
114,0.8050018871014833,0.019851600889822556,BiAA,hard,3,1,False
115,0.7575548149572376,0.013540065935156375,SBM,hard,3,1,True
116,0.7383053116565903,0.01251322095042073,SBM,hard,3,1,False
117,0.8127603665961673,0.022818695538084632,DBiAA,hard,3,1,False
118,0.7843605574426571,0.02047666736945675,DSBM,hard,3,1,True
119,0.8261602113553661,0.02731573501400514,DSBM,hard,3,1,False
120,0.8491394105122235,0.036257169594927106,BiAA,soft,4,1,False
121,0.8452185121094946,0.0245163256020981,SBM,soft,4,1,True
122,0.8337687909020346,0.03402782632929076,SBM,soft,4,1,False
123,0.8746373560640047,0.041326911627050864,DBiAA,soft,4,1,False
124,0.8462525012996076,0.03590759347402514,DSBM,soft,4,1,True
125,0.8677989275566664,0.04117143785956795,DSBM,soft,4,1,False
126,0.8283841426506299,0.021769469984702576,BiAA,hard,4,1,False
127,0.770165637662273,0.01767888059533765,SBM,hard,4,1,True
128,0.7461866307761329,0.012736758133280275,SBM,hard,4,1,False
129,0.8510393300433677,0.033004977687243774,DBiAA,hard,4,1,False
130,0.8695258034423581,0.032063038617095224,DSBM,hard,4,1,True
131,0.8519052603843991,0.029782461235358434,DSBM,hard,4,1,False
132,0.8898922571870083,0.04564341469908402,BiAA,soft,5,1,False
133,0.8729094120076624,0.04329125369954295,SBM,soft,5,1,True
134,0.8652171590933367,0.038065298089199465,SBM,soft,5,1,False
135,0.9055687296602506,0.0450833501161806,DBiAA,soft,5,1,False
136,0.8429162482998284,0.028390077506429315,DSBM,soft,5,1,True
137,0.8666118339065849,0.04252670674948174,DSBM,soft,5,1,False
138,0.8576320793009892,0.028498304053617293,BiAA,hard,5,1,False
139,0.7925156843057246,0.018998781858081695,SBM,hard,5,1,True
140,0.7689906499462353,0.015377217940385123,SBM,hard,5,1,False
141,0.8641101782420759,0.030221969870410155,DBiAA,hard,5,1,False
142,0.8126250649803812,0.02529445053291232,DSBM,hard,5,1,True
143,0.8618577623961204,0.031762096593314616,DSBM,hard,5,1,False
144,0.8975100942126514,0.04288883484213882,BiAA,soft,6,1,False
145,0.8647254445370193,0.03494966707863969,SBM,soft,6,1,True
146,0.8698259593952729,0.036266356001484805,SBM,soft,6,1,False
147,0.9024453986768927,0.05286440514532333,DBiAA,soft,6,1,False
148,0.8777706566401049,0.03251943238770201,DSBM,soft,6,1,True
149,0.8727381486466277,0.040796058393375745,DSBM,soft,6,1,False
150,0.8740480819215678,0.030498526587838526,BiAA,hard,6,1,False
151,0.8367546839283044,0.028109565042368025,SBM,hard,6,1,True
152,0.7689906499462353,0.015377217940385123,SBM,hard,6,1,False
153,0.8551909533067003,0.031221689872769933,DBiAA,hard,6,1,False
154,0.8023407179531001,0.02536943639605179,DSBM,hard,6,1,True
155,0.8455033576164128,0.04572624041670519,DSBM,hard,6,1,False
156,0.9069402607760616,0.053294321226066504,BiAA,soft,7,1,False
157,0.8778924280943122,0.04204283606638896,SBM,soft,7,1,True
158,0.8468407072713937,0.039649127216569185,SBM,soft,7,1,False
159,0.9037998390622886,0.05291831469015799,DBiAA,soft,7,1,False
160,0.8909461855626054,0.047407841596906954,DSBM,soft,7,1,True
161,0.8857406339236756,0.039301529359965955,DSBM,soft,7,1,False
162,0.8952769054384129,0.03253081812936953,BiAA,hard,7,1,False
163,0.8453021854771519,0.022415367661653956,SBM,hard,7,1,True
164,0.8086902803591902,0.01929312191717263,SBM,hard,7,1,False
165,0.886496186630776,0.03354963145827058,DBiAA,hard,7,1,False
166,0.8580386962621147,0.031929185313998146,DSBM,hard,7,1,True
167,0.8594073789228567,0.02911741554905969,DSBM,hard,7,1,False
168,0.893130950600668,0.054888925856103464,BiAA,soft,8,1,False
169,0.8812913471056136,0.04298200204241414,SBM,soft,8,1,True
170,0.8615800380268752,0.03936573171919197,SBM,soft,8,1,False
171,0.8913015303324859,0.03977094871493615,DBiAA,soft,8,1,False
172,0.8999608337427988,0.05382110188413694,DSBM,soft,8,1,True
173,0.8820098698968147,0.04759499648804372,DSBM,soft,8,1,False
174,0.8949689162340576,0.03751370451342805,BiAA,hard,8,1,False
175,0.8699359809723202,0.028609265164028404,SBM,hard,8,1,True
176,0.7916761021740834,0.015197350670892796,SBM,hard,8,1,False
177,0.8805792333383181,0.03450025229771803,DBiAA,hard,8,1,False
178,0.8185213669735877,0.02314910730580623,DSBM,hard,8,1,True
179,0.8833543406894686,0.04000105049906723,DSBM,hard,8,1,False
180,0.8955314861102208,0.04688956914886009,BiAA,soft,9,1,False
181,0.9007929386798835,0.048970872286728195,SBM,soft,9,1,True
182,0.8721859044200901,0.04452583061862098,SBM,soft,9,1,False
183,0.8914062110562784,0.06132939269750968,DBiAA,soft,9,1,False
184,0.8751771382996149,0.06553803053033036,DSBM,soft,9,1,True
185,0.8698134974043453,0.03896192662549592,DSBM,soft,9,1,False
186,0.8856014156821694,0.037920679469925306,BiAA,hard,9,1,False
187,0.868602903999943,0.03298591483301224,SBM,hard,9,1,True
188,0.831795167595975,0.019137786152060778,SBM,hard,9,1,False
189,0.8928653321654667,0.04084885283410696,DBiAA,hard,9,1,False
190,0.8367479188475151,0.034088515260579016,DSBM,hard,9,1,True
191,0.8780241691412621,0.042593670296860967,DSBM,hard,9,1,False
192,0.8004557608123473,0.02939302032750945,BiAA,soft,2,2,False
193,0.7984498803528852,0.02097008062491334,SBM,soft,2,2,True
194,0.8018164181909703,0.025803875539246436,SBM,soft,2,2,False
195,0.7741589596353914,0.0190462911088376,DBiAA,soft,2,2,False
196,0.7843881938578507,0.017569861137782992,DSBM,soft,2,2,True
197,0.7696323164588774,0.019181955167810457,DSBM,soft,2,2,False
198,0.7683577128282014,0.013597187867724741,BiAA,hard,2,2,False
199,0.7673257879678858,0.013174559805502072,SBM,hard,2,2,True
200,0.6257821349538804,0.008479409072571761,SBM,hard,2,2,False
201,0.784386033512714,0.019142333866930938,DBiAA,hard,2,2,False
202,0.7764676484715198,0.017877882910374954,DSBM,hard,2,2,True
203,0.6481633105704967,0.017047510344272328,DSBM,hard,2,2,False
204,0.7738068233781029,0.020595529218162524,BiAA,soft,3,2,False
205,0.7698425900521867,0.02044165363611016,SBM,soft,3,2,True
206,0.7821731199776476,0.02116822561106883,SBM,soft,3,2,False
207,0.8311553453779776,0.045566524995032574,DBiAA,soft,3,2,False
208,0.7710084563109803,0.019078850248866228,DSBM,soft,3,2,True
209,0.8349100252256301,0.04611353095425572,DSBM,soft,3,2,False
210,0.7959366788438121,0.017449101862839145,BiAA,hard,3,2,False
211,0.7959366788438121,0.015730590142734008,SBM,hard,3,2,True
212,0.6257821349538804,0.008479409072571761,SBM,hard,3,2,False
213,0.8116265454569023,0.019425413145952662,DBiAA,hard,3,2,False
214,0.7729570876243188,0.01736281495238158,DSBM,hard,3,2,True
215,0.7701371171058288,0.020432318679819,DSBM,hard,3,2,False
216,0.8481216159093576,0.055937943053892415,BiAA,soft,4,2,False
217,0.794657034407817,0.022569893047507547,SBM,soft,4,2,True
218,0.8250991778446524,0.04685671646152222,SBM,soft,4,2,False
219,0.8317868862729509,0.04344859901149216,DBiAA,soft,4,2,False
220,0.8336627859666861,0.02320779032035338,DSBM,soft,4,2,True
221,0.8455216405372922,0.0530996614950278,DSBM,soft,4,2,False
222,0.8327694832526444,0.02102210117477973,BiAA,hard,4,2,False
223,0.7779507254078912,0.01530239675173582,SBM,hard,4,2,True
224,0.6257821349538804,0.008479409072571761,SBM,hard,4,2,False
225,0.8203154535968665,0.032880263188176544,DBiAA,hard,4,2,False
226,0.7994393184255116,0.025734999479855945,DSBM,hard,4,2,True
227,0.8016169463233447,0.027563278738403016,DSBM,hard,4,2,False
228,0.8544280234210216,0.055770504031824,BiAA,soft,5,2,False
229,0.8212800477004206,0.024048183063716744,SBM,soft,5,2,True
230,0.8472268729652249,0.03863721945290883,SBM,soft,5,2,False
231,0.8786778975809175,0.04378390472287249,DBiAA,soft,5,2,False
232,0.8279904397526548,0.043792643550487335,DSBM,soft,5,2,True
233,0.8331263002577292,0.04476279019623982,DSBM,soft,5,2,False
234,0.8587109076546069,0.023722282566770968,BiAA,hard,5,2,False
235,0.8084814429953329,0.021330938657802095,SBM,hard,5,2,True
236,0.774255455051499,0.01510869497234963,SBM,hard,5,2,False
237,0.8380540475146309,0.03226416821611014,DBiAA,hard,5,2,False
238,0.8212523232711659,0.021671182763111915,DSBM,hard,5,2,True
239,0.8194952425599514,0.03645188474972001,DSBM,hard,5,2,False
240,0.875235027548001,0.04341583030440953,BiAA,soft,6,2,False
241,0.8428298504969154,0.042882886373358735,SBM,soft,6,2,True
242,0.8261836711032955,0.03234051137013574,SBM,soft,6,2,False
243,0.8690204347046485,0.04105967753725464,DBiAA,soft,6,2,False
244,0.8477431954529056,0.02955064568423932,DSBM,soft,6,2,True
245,0.8386265389758667,0.030335834903310918,DSBM,soft,6,2,False
246,0.8707188260396481,0.02800062028449274,BiAA,hard,6,2,False
247,0.8387655211796636,0.02800062028449274,SBM,hard,6,2,True
248,0.7726099921723495,0.014348972732810873,SBM,hard,6,2,False
249,0.862521396418292,0.029668456851126984,DBiAA,hard,6,2,False
250,0.8433490534447784,0.028333646187020934,DSBM,hard,6,2,True
251,0.8290461284094747,0.036840419952025485,DSBM,hard,6,2,False
252,0.8787254251739257,0.03658551335524614,BiAA,soft,7,2,False
253,0.8325804530531797,0.026070502936349597,SBM,soft,7,2,True
254,0.8080799788574222,0.035195176224690934,SBM,soft,7,2,False
255,0.8760336351335489,0.04365867486824229,DBiAA,soft,7,2,False
256,0.8534465066138966,0.032684536166891584,DSBM,soft,7,2,True
257,0.8573005623378391,0.03885175279907917,DSBM,soft,7,2,False
258,0.8733220419294186,0.040604315007388196,BiAA,hard,7,2,False
259,0.8502603575947294,0.027198367153540584,SBM,hard,7,2,True
260,0.7849927304386148,0.016038119068068048,SBM,hard,7,2,False
261,0.8506834251840074,0.0321501458434639,DBiAA,hard,7,2,False
262,0.8349899579956894,0.02244564416501872,DSBM,hard,7,2,True
263,0.8495665267483132,0.04761186318888208,DSBM,hard,7,2,False
264,0.8711188499474677,0.0410723385991763,BiAA,soft,8,2,False
265,0.8574942732851001,0.03166648125957679,SBM,soft,8,2,True
266,0.8469823939072507,0.03676926728150284,SBM,soft,8,2,False
267,0.8754996698272516,0.03598976404872056,DBiAA,soft,8,2,False
268,0.8469035413097596,0.02922209802922297,DSBM,soft,8,2,True
269,0.8514222632207722,0.038076900107657824,DSBM,soft,8,2,False
270,0.8736871402575275,0.03535469299893043,BiAA,hard,8,2,False
271,0.8141221041473585,0.02690795264280229,SBM,hard,8,2,True
272,0.7632074500222155,0.013206072529996943,SBM,hard,8,2,False
273,0.8661594176285604,0.030865631914002257,DBiAA,hard,8,2,False
274,0.8325264444247613,0.021179123628739156,DSBM,hard,8,2,True
275,0.8515158781766976,0.04077331203500414,DSBM,hard,8,2,False
276,0.883169255120198,0.03984885316008889,BiAA,soft,9,2,False
277,0.8778764095351874,0.03719688081570851,SBM,soft,9,2,True
278,0.8352520798722803,0.04212450067888169,SBM,soft,9,2,False
279,0.8720146730641688,0.04250396765126103,DBiAA,soft,9,2,False
280,0.8511731034150015,0.030614289031594515,DSBM,soft,9,2,True
281,0.8525838087892923,0.03623257726783791,DSBM,soft,9,2,False
282,0.8815389146570056,0.0344680378590186,BiAA,hard,9,2,False
283,0.8243675409583435,0.027473946487010893,SBM,hard,9,2,True
284,0.7849927304386148,0.016038119068068048,SBM,hard,9,2,False
285,0.8452775215368407,0.03350535972396466,DBiAA,hard,9,2,False
286,0.8296819899947214,0.028673637727517,DSBM,hard,9,2,True
287,0.8332285565942016,0.03846435463758574,DSBM,hard,9,2,False
288,0.7794159954994411,0.02429525803984023,BiAA,soft,2,3,False
289,0.7765992294929037,0.017926872760745817,SBM,soft,2,3,True
290,0.7805913392723621,0.023272410536839868,SBM,soft,2,3,False
291,0.8033640254367037,0.01938802883981582,DBiAA,soft,2,3,False
292,0.7908863680061526,0.017949791276547198,DSBM,soft,2,3,True
293,0.8034096007178106,0.020188013553884943,DSBM,soft,2,3,False
294,0.7473541412976138,0.012271605407431616,BiAA,hard,2,3,False
295,0.7173235916169967,0.011556200142451303,SBM,hard,2,3,True
296,0.7060846560846561,0.0111590442821254,SBM,hard,2,3,False
297,0.7709564400008545,0.017359621531519435,DBiAA,hard,2,3,False
298,0.7546326561131406,0.017214860300493,DSBM,hard,2,3,True
299,0.6785269214609726,0.01575057973354812,DSBM,hard,2,3,False
300,0.8305535972426955,0.03196231936638914,BiAA,soft,3,3,False
301,0.80307277090588,0.019357675495898133,SBM,soft,3,3,True
302,0.772333668026804,0.028088160997722118,SBM,soft,3,3,False
303,0.849755388920934,0.0306557123157559,DBiAA,soft,3,3,False
304,0.8515057645609463,0.029965662604476303,DSBM,soft,3,3,True
305,0.851040042157135,0.029846437356591822,DSBM,soft,3,3,False
306,0.7957654154827776,0.017866170717054417,BiAA,hard,3,3,False
307,0.7790378630890071,0.016005033360043334,SBM,hard,3,3,True
308,0.7173235916169967,0.011556200142451303,SBM,hard,3,3,False
309,0.834605168521723,0.022924492233401105,DBiAA,hard,3,3,False
310,0.7900624523773918,0.017757149663825002,DSBM,hard,3,3,True
311,0.8232953776695364,0.02421579975257045,DSBM,hard,3,3,False
312,0.8636234484821296,0.03420577504205557,BiAA,soft,4,3,False
313,0.8529207346165623,0.02999961417877681,SBM,soft,4,3,True
314,0.8413816431313067,0.028842144288225412,SBM,soft,4,3,False
315,0.8784528616291739,0.03956136533570443,DBiAA,soft,4,3,False
316,0.8841996197312482,0.03224211434098275,DSBM,soft,4,3,True
317,0.8648678672904783,0.03241320317509278,DSBM,soft,4,3,False
318,0.8465722403811233,0.02206566865122805,BiAA,hard,4,3,False
319,0.8248406645445676,0.01996147486981565,SBM,hard,4,3,True
320,0.6196970668033924,0.008363481406610125,SBM,hard,4,3,False
321,0.8682817406908928,0.03528349378693601,DBiAA,hard,4,3,False
322,0.7829925868956824,0.017468403575851443,DSBM,hard,4,3,True
323,0.8419823110940203,0.02638531381713675,DSBM,hard,4,3,False
324,0.8880051557036751,0.037465136377925395,BiAA,soft,5,3,False
325,0.8603534220627087,0.030734474370681122,SBM,soft,5,3,True
326,0.8454834184309286,0.034186561506024636,SBM,soft,5,3,False
327,0.8738226979142187,0.04040142002809124,DBiAA,soft,5,3,False
328,0.8698045959822541,0.0387902515375367,DSBM,soft,5,3,True
329,0.8780903957216204,0.03438365935429183,DSBM,soft,5,3,False
330,0.8597438526779038,0.024316462579463557,BiAA,hard,5,3,False
331,0.8165427588711572,0.019889857335271578,SBM,hard,5,3,True
332,0.6196970668033924,0.008363481406610125,SBM,hard,5,3,False
333,0.8681393179374337,0.03227615958057473,DBiAA,hard,5,3,False
334,0.8020252515541884,0.020521107634402003,DSBM,hard,5,3,True
335,0.8735463977725081,0.034455173226838595,DSBM,hard,5,3,False
336,0.8849601572347198,0.03752490828455285,BiAA,soft,6,3,False
337,0.8640311336139063,0.031000413839912352,SBM,soft,6,3,True
338,0.8809495324973118,0.039760210675923745,SBM,soft,6,3,False
339,0.8817435393478462,0.04055115430988139,DBiAA,soft,6,3,False
340,0.8878545436418923,0.03845120511170582,DSBM,soft,6,3,True
341,0.8548996987758766,0.032556141859425,DSBM,soft,6,3,False
342,0.8746911206534357,0.02917865254823359,BiAA,hard,6,3,False
343,0.8048672975994645,0.023760351350718682,SBM,hard,6,3,True
344,0.7173235916169967,0.011556200142451303,SBM,hard,6,3,False
345,0.8900126044136811,0.03526727508324857,DBiAA,hard,6,3,False
346,0.8489207915856637,0.026854026122598445,DSBM,hard,6,3,True
347,0.8670554807836099,0.0359333260294857,DSBM,hard,6,3,False
348,0.8839247438170722,0.03767997149924406,BiAA,soft,7,3,False
349,0.8686769638317419,0.03542796690690469,SBM,soft,7,3,True
350,0.8379293155874582,0.03895689617576703,SBM,soft,7,3,False
351,0.8994032486630064,0.04031164224522759,DBiAA,soft,7,3,False
352,0.8806493765443968,0.034247598819112365,DSBM,soft,7,3,True
353,0.8884217422575431,0.039443736855389294,DSBM,soft,7,3,False
354,0.8667510521480912,0.02988377093279932,BiAA,hard,7,3,False
355,0.8292860347369095,0.02972054975759063,SBM,hard,7,3,True
356,0.7307227242624281,0.01186881459846296,SBM,hard,7,3,False
357,0.8828423308907831,0.041162588390894185,DBiAA,hard,7,3,False
358,0.8673887500267042,0.03130116510958883,DSBM,hard,7,3,True
359,0.8690985351819807,0.03405931761591085,DSBM,hard,7,3,False
360,0.8868714705861408,0.04318529927475872,BiAA,soft,8,3,False
361,0.8861322964956881,0.035571563512089066,SBM,soft,8,3,True
362,0.8598328668988158,0.036868220763817273,SBM,soft,8,3,False
363,0.8985024247473776,0.05147054511011056,DBiAA,soft,8,3,False
364,0.8804254167645824,0.04269243324692335,DSBM,soft,8,3,True
365,0.8719213541555398,0.04091562562923539,DSBM,soft,8,3,False
366,0.8929760658562812,0.04768673649559315,BiAA,hard,8,3,False
367,0.8422646642027529,0.025529891697420357,SBM,hard,8,3,True
368,0.7136302135629188,0.011473970481814354,SBM,hard,8,3,False
369,0.9030798920435529,0.043877279672756946,DBiAA,hard,8,3,False
370,0.8472879147172553,0.025736673029581908,DSBM,hard,8,3,True
371,0.896872752390922,0.03756622783601866,DSBM,hard,8,3,False
372,0.89308039052319,0.043833048823463484,BiAA,soft,9,3,False
373,0.8686360172901223,0.04743979740005346,SBM,soft,9,3,True
374,0.8634614426000697,0.04057717374964539,SBM,soft,9,3,False
375,0.885910117000292,0.04325560323527649,DBiAA,soft,9,3,False
376,0.8938088829071333,0.038829456293566794,DSBM,soft,9,3,True
377,0.8815163750560789,0.03936497636208952,DSBM,soft,9,3,False
378,0.8624566500744159,0.035795383858197714,BiAA,hard,9,3,False
379,0.8581045667855897,0.0304257978290114,SBM,hard,9,3,True
380,0.7715414414606876,0.014999456275475543,SBM,hard,9,3,False
381,0.8842309527370094,0.032170934828123096,DBiAA,hard,9,3,False
382,0.8715271991853418,0.03025010980145331,DSBM,hard,9,3,True
383,0.8833493558930975,0.03551201767229985,DSBM,hard,9,3,False
384,0.8213297356385656,0.03282989334502875,BiAA,soft,2,4,False
385,0.8175714552156852,0.022587802333291374,SBM,soft,2,4,True
386,0.8187297602665001,0.025965521821697136,SBM,soft,2,4,False
387,0.8061601521459067,0.02262732256856185,DBiAA,soft,2,4,False
388,0.801458521013317,0.021751965202214715,DSBM,soft,2,4,True
389,0.8058699457825381,0.02264613171626555,DSBM,soft,2,4,False
390,0.7777861791199763,0.014682446680209548,BiAA,hard,2,4,False
391,0.7715114566703176,0.014682446680209548,SBM,hard,2,4,True
392,0.6089400842678626,0.008043915500445526,SBM,hard,2,4,False
393,0.7975821417229617,0.021094013995382403,DBiAA,hard,2,4,False
394,0.7726704818361783,0.019880541539809685,DSBM,hard,2,4,True
395,0.7464942999293568,0.026861574535357906,DSBM,hard,2,4,False
396,0.8671989036968546,0.03860505204716647,BiAA,soft,3,4,False
397,0.7977506486436272,0.02441980908377571,SBM,soft,3,4,True
398,0.8506866657017125,0.03373292074064836,SBM,soft,3,4,False
399,0.8406781467407233,0.02825019923217296,DBiAA,soft,3,4,False
400,0.8180658141944758,0.020915478850741232,DSBM,soft,3,4,True
401,0.8472463160714555,0.03132083816530653,DSBM,soft,3,4,False
402,0.8207280795179838,0.019546790304586392,BiAA,hard,3,4,False
403,0.7979778449405077,0.018872609804818856,SBM,hard,3,4,True
404,0.6121125511011639,0.008496677051908442,SBM,hard,3,4,False
405,0.8305612504653744,0.024363778851526394,DBiAA,hard,3,4,False
406,0.8197328805249926,0.022970891007584517,DSBM,hard,3,4,True
407,0.8218212141571737,0.024266862680593783,DSBM,hard,3,4,False
408,0.8407206335284124,0.029627677408404805,BiAA,soft,4,4,False
409,0.8282287978327418,0.028258707446724266,SBM,soft,4,4,True
410,0.846488394985983,0.03232153888959912,SBM,soft,4,4,False
411,0.8711771792661596,0.031349803826325164,DBiAA,soft,4,4,False
412,0.8509253838393223,0.02999241607177348,DSBM,soft,4,4,True
413,0.8587609556502747,0.03071519386573056,DSBM,soft,4,4,False
414,0.8459925957771013,0.024245407994590636,BiAA,hard,4,4,False
415,0.8174162704233628,0.021684059037246864,SBM,hard,4,4,True
416,0.7411283626672197,0.013806447184200096,SBM,hard,4,4,False
417,0.8375881330801409,0.02387346281975192,DBiAA,hard,4,4,False
418,0.8048682657541368,0.023875051977090344,DSBM,hard,4,4,True
419,0.8279457926198289,0.025946237484511088,DSBM,hard,4,4,False
420,0.8646846220152131,0.030201923353865217,BiAA,soft,5,4,False
421,0.8350158821373302,0.02829478389764384,SBM,soft,5,4,True
422,0.8154499962914075,0.036898173655423895,SBM,soft,5,4,False
423,0.8745826033167058,0.03266229023332694,DBiAA,soft,5,4,False
424,0.872259152122143,0.03378029940218527,DSBM,soft,5,4,True
425,0.8422458371949503,0.028882711393668624,DSBM,soft,5,4,False
426,0.8774529818883865,0.028298540293612097,BiAA,hard,5,4,False
427,0.8344171064769307,0.02445410360905753,SBM,hard,5,4,True
428,0.7715114566703176,0.014682446680209548,SBM,hard,5,4,False
429,0.860888175494917,0.03165087480567212,DBiAA,hard,5,4,False
430,0.8352639617705324,0.027099153942148686,DSBM,hard,5,4,True
431,0.8284520334968715,0.033429207738752915,DSBM,hard,5,4,False
432,0.8674109775777779,0.03530783084208099,BiAA,soft,6,4,False
433,0.8540812880265751,0.028764079151029968,SBM,soft,6,4,True
434,0.8425907723017828,0.03287792719292615,SBM,soft,6,4,False
435,0.8786310901029547,0.032466414456121445,DBiAA,soft,6,4,False
436,0.8432413962454641,0.028093718671041608,DSBM,soft,6,4,True
437,0.8642151070054951,0.031083338628775176,DSBM,soft,6,4,False
438,0.8581927848793123,0.030918341551924612,BiAA,hard,6,4,False
439,0.8560526029638496,0.030918341551924612,SBM,hard,6,4,True
440,0.7776760015180025,0.014469808376964665,SBM,hard,6,4,False
441,0.8643137627667397,0.02885784527811716,DBiAA,hard,6,4,False
442,0.8252777663759563,0.02314536403817676,DSBM,hard,6,4,True
443,0.8614174600534181,0.031561872807523136,DSBM,hard,6,4,False
444,0.8712628729565836,0.035085265680008554,BiAA,soft,7,4,False
445,0.8515158781766974,0.025547058244640767,SBM,soft,7,4,True
446,0.8611056502386822,0.03401956566061057,SBM,soft,7,4,False
447,0.8793324821573495,0.03412935891083715,DBiAA,soft,7,4,False
448,0.8363603369274275,0.028847066436331968,DSBM,soft,7,4,True
449,0.8610696444864032,0.03215492132805745,DSBM,soft,7,4,False
450,0.8821045650253084,0.04201557764619895,BiAA,hard,7,4,False
451,0.8492774005575131,0.03284229432140134,SBM,hard,7,4,True
452,0.7903629883910253,0.01826526429027132,SBM,hard,7,4,False
453,0.8682031041279155,0.03326545544546787,DBiAA,hard,7,4,False
454,0.8194091888120046,0.02264666329723855,DSBM,hard,7,4,True
455,0.8573610520016677,0.03466565892104423,DSBM,hard,7,4,False
456,0.8733951336065449,0.040818324337937015,BiAA,soft,8,4,False
457,0.8753196410658568,0.032286585074910806,SBM,soft,8,4,True
458,0.842777282098588,0.0426317893013399,SBM,soft,8,4,False
459,0.8951253252219574,0.0373311164867508,DBiAA,soft,8,4,False
460,0.870256152122863,0.03230610363499794,DSBM,soft,8,4,True
461,0.8766911001701633,0.03622713773441172,DSBM,soft,8,4,False
462,0.8729461418756261,0.03201413238570675,BiAA,hard,8,4,False
463,0.8226698697383894,0.02530847697347459,SBM,hard,8,4,True
464,0.791866228548673,0.01851825787474973,SBM,hard,8,4,False
465,0.8599916322631703,0.031959194985641856,DBiAA,hard,8,4,False
466,0.8370149215038596,0.023210369191706534,DSBM,hard,8,4,True
467,0.8265415682809485,0.037478775403269146,DSBM,hard,8,4,False
468,0.8900074675930226,0.035517133299956975,BiAA,soft,9,4,False
469,0.8626308539052199,0.03166245845804295,SBM,soft,9,4,True
470,0.8606188524678702,0.03571089283071971,SBM,soft,9,4,False
471,0.8811565335678029,0.038350155507213386,DBiAA,soft,9,4,False
472,0.877450461485727,0.029893859568097245,DSBM,soft,9,4,True
473,0.8723588880559557,0.02975579865763287,DSBM,soft,9,4,False
474,0.8925019461109107,0.04671671045078771,BiAA,hard,9,4,False
475,0.8607189484592058,0.04105346054717085,SBM,hard,9,4,True
476,0.8047537674618896,0.019322658913001806,SBM,hard,9,4,False
477,0.866982509125658,0.03197267478690589,DBiAA,hard,9,4,False
478,0.8331320611780937,0.024894512113948716,DSBM,hard,9,4,True
479,0.8468351303804295,0.031681611285541825,DSBM,hard,9,4,False
480,0.824227838639501,0.035227205549813775,BiAA,soft,2,5,False
481,0.8179851613093707,0.021433509882145457,SBM,soft,2,5,True
482,0.8125464924276302,0.03430528834995986,SBM,soft,2,5,False
483,0.8221287032816363,0.023968471982381393,DBiAA,soft,2,5,False
484,0.7844119576543549,0.02152887710679159,DSBM,soft,2,5,True
485,0.8236438253375359,0.024387411491471417,DSBM,soft,2,5,False
486,0.7837631339982876,0.013814906062238994,BiAA,hard,2,5,False
487,0.7837631339982876,0.013814906062238994,SBM,hard,2,5,True
488,0.6275867432581029,0.008498370636835378,SBM,hard,2,5,False
489,0.8148414990778927,0.023477457234088662,DBiAA,hard,2,5,False
490,0.7808934755416526,0.020871952528270635,DSBM,hard,2,5,True
491,0.7458361147776968,0.029687582468366527,DSBM,hard,2,5,False
492,0.8521758636159713,0.04596396927975966,BiAA,soft,3,5,False
493,0.8204119490129744,0.023979573204999,SBM,soft,3,5,True
494,0.8153819454196002,0.0344607706107153,SBM,soft,3,5,False
495,0.8539023394377486,0.035254140497591915,DBiAA,soft,3,5,False
496,0.8301929116195603,0.023096082430489717,DSBM,soft,3,5,True
497,0.8477813615503212,0.036952803497730606,DSBM,soft,3,5,False
498,0.8012903741501742,0.01922634515789426,BiAA,hard,3,5,False
499,0.8012903741501742,0.01922634515789426,SBM,hard,3,5,True
500,0.635280812462599,0.009329115353762584,SBM,hard,3,5,False
501,0.8549504668865898,0.02604054052420705,DBiAA,hard,3,5,False
502,0.8084227536191181,0.020467384702698294,DSBM,hard,3,5,True
503,0.822795529813843,0.024682902402752206,DSBM,hard,3,5,False
504,0.8706313320616101,0.04540722710170057,BiAA,soft,4,5,False
505,0.8239696773956606,0.02361470965040282,SBM,soft,4,5,True
506,0.8471210160535246,0.042904464148174386,SBM,soft,4,5,False
507,0.8752119838665424,0.03370784465310667,DBiAA,soft,4,5,False
508,0.8442549581721176,0.02771673211373034,DSBM,soft,4,5,True
509,0.8629253809588621,0.04348335013074774,DSBM,soft,4,5,False
510,0.8295541695741313,0.02110797468624093,BiAA,hard,4,5,False
511,0.790959963763811,0.016574137162219706,SBM,hard,4,5,True
512,0.635280812462599,0.009329115353762584,SBM,hard,4,5,False
513,0.850056925094353,0.027037913536876106,DBiAA,hard,4,5,False
514,0.8238692213468024,0.024777437018371273,DSBM,hard,4,5,True
515,0.8353478551733425,0.02849178331338428,DSBM,hard,4,5,False
516,0.8878111167040047,0.04810657962164582,BiAA,soft,5,5,False
517,0.8473849382177296,0.03228755914894335,SBM,soft,5,5,True
518,0.8376147773368273,0.03227730407656533,SBM,soft,5,5,False
519,0.888886248467055,0.056227781716105214,DBiAA,soft,5,5,False
520,0.8854116933721331,0.04078382097498121,DSBM,soft,5,5,True
521,0.8676046885250388,0.051820110165602846,DSBM,soft,5,5,False
522,0.8457981647147947,0.024002129318597323,BiAA,hard,5,5,False
523,0.80980393427654,0.01980180960160268,SBM,hard,5,5,True
524,0.7783784737449655,0.013718346539877763,SBM,hard,5,5,False
525,0.8592931206689581,0.03711249405981079,DBiAA,hard,5,5,False
526,0.8440871713664976,0.023779018695130834,DSBM,hard,5,5,True
527,0.8519169822570853,0.032311056991298916,DSBM,hard,5,5,False
528,0.8891001226355922,0.04954207364777398,BiAA,soft,6,5,False
529,0.887772950606589,0.04232251024946277,SBM,soft,6,5,True
530,0.849674904062673,0.0458532936076438,SBM,soft,6,5,False
531,0.8946478889467382,0.03825951743373113,DBiAA,soft,6,5,False
532,0.8702950383353246,0.035156291132666634,DSBM,soft,6,5,True
533,0.883299595943448,0.04430502349708002,DSBM,soft,6,5,False
534,0.8372612008494478,0.02583269159690431,BiAA,hard,6,5,False
535,0.819920830551889,0.02099454224692522,SBM,hard,6,5,True
536,0.7028322844857695,0.013182518824823315,SBM,hard,6,5,False
537,0.8680014719151531,0.030380832469331157,DBiAA,hard,6,5,False
538,0.848261678285723,0.02625767799725253,DSBM,hard,6,5,True
539,0.8294645152509564,0.02773192587819156,DSBM,hard,6,5,False
540,0.8785814021648098,0.034893082330575774,BiAA,soft,7,5,False
541,0.8698982549452101,0.035876027576790606,SBM,soft,7,5,True
542,0.8509405062552794,0.04506337999029123,SBM,soft,7,5,False
543,0.8892405450694804,0.03982889252065441,DBiAA,soft,7,5,False
544,0.8828743680090332,0.03713941830229747,DSBM,soft,7,5,True
545,0.8890086680248036,0.044932074152349635,DSBM,soft,7,5,False
546,0.8695868051879969,0.028919219167424622,BiAA,hard,7,5,False
547,0.8463530133574139,0.02400515333164862,SBM,hard,7,5,True
548,0.7990403746902606,0.016262242512013123,SBM,hard,7,5,False
549,0.8744583834713434,0.0318120792546973,DBiAA,hard,7,5,False
550,0.8528120852587409,0.03048507748479444,DSBM,hard,7,5,True
551,0.8745390363564483,0.03946181912346279,DSBM,hard,7,5,False
552,0.8864637814537251,0.047107865212229594,BiAA,soft,8,5,False
553,0.8905695173860976,0.03791119201316442,SBM,soft,8,5,True
554,0.8608410079594315,0.05040917056982358,SBM,soft,8,5,False
555,0.8813905709576162,0.0408493915838719,DBiAA,soft,8,5,False
556,0.8638262448808822,0.036495596475328546,DSBM,soft,8,5,True
557,0.8880998828372821,0.049966635950499716,DSBM,soft,8,5,False
558,0.8884833440990533,0.031795771229951204,BiAA,hard,8,5,False
559,0.851496075012944,0.031795771229951204,SBM,hard,8,5,True
560,0.6417409645364943,0.010672272784029619,SBM,hard,8,5,False
561,0.8794988287328783,0.03817908554143399,DBiAA,hard,8,5,False
562,0.8606418961493288,0.028116188649115498,DSBM,hard,8,5,True
563,0.87045706422058,0.03303020803928656,DSBM,hard,8,5,False
564,0.8978012727313315,0.04820921893742254,BiAA,soft,9,5,False
565,0.8907200214306239,0.042217385885356576,SBM,soft,9,5,True
566,0.8571183732313075,0.041262812360467985,SBM,soft,9,5,False
567,0.902200455544778,0.044052361612873465,DBiAA,soft,9,5,False
568,0.9036716505828971,0.042875620714379205,DSBM,soft,9,5,True
569,0.8716301316298292,0.04148935689814545,DSBM,soft,9,5,False
570,0.8618902155808412,0.0310124323434271,BiAA,hard,9,5,False
571,0.8423228895048273,0.029935869524231832,SBM,hard,9,5,True
572,0.8048689858691824,0.015539642489472877,SBM,hard,9,5,False
573,0.8909032907097237,0.04061841287939139,DBiAA,hard,9,5,False
574,0.8551157332895503,0.028091815704875418,DSBM,hard,9,5,True
575,0.8645189955547298,0.0479750392661022,DSBM,hard,9,5,False
576,0.7909768064545992,0.02428282994329361,BiAA,soft,2,6,False
577,0.787426207210864,0.018452816251140373,SBM,soft,2,6,True
578,0.7938832987958155,0.03252623185296212,SBM,soft,2,6,False
579,0.786254780063663,0.022169149800069197,DBiAA,soft,2,6,False
580,0.7859770556944177,0.02216504668511167,DSBM,soft,2,6,True
581,0.7862896736382604,0.02216698094430196,DSBM,soft,2,6,False
582,0.7749887842081651,0.01324323664286935,BiAA,hard,2,6,False
583,0.7581038546718224,0.013097144701510742,SBM,hard,2,6,True
584,0.6282317503044286,0.008537158374665543,SBM,hard,2,6,False
585,0.7885951419598796,0.022251583443177732,DBiAA,hard,2,6,False
586,0.7885894450497412,0.02222633034252607,DSBM,hard,2,6,True
587,0.7675578770464371,0.024026053646222904,DSBM,hard,2,6,False
588,0.8257290264692687,0.022405376535435964,BiAA,soft,3,6,False
589,0.786286113069424,0.022167817701224515,SBM,soft,3,6,True
590,0.8181745675689147,0.027894886485695086,SBM,soft,3,6,False
591,0.8263517699587687,0.023982326400241425,DBiAA,soft,3,6,False
592,0.7859275637875908,0.022183640109042453,DSBM,soft,3,6,True
593,0.819206420417726,0.03313137103492219,DSBM,soft,3,6,False
594,0.7966477244404566,0.01636708084752315,BiAA,hard,3,6,False
595,0.7639043773633276,0.01369996603960488,SBM,hard,3,6,True
596,0.6282317503044286,0.008537158374665543,SBM,hard,3,6,False
597,0.8170077691612012,0.022886767906052808,DBiAA,hard,3,6,False
598,0.7518187385616726,0.021204341129754268,DSBM,hard,3,6,True
599,0.8222232903928731,0.025857286781827752,DSBM,hard,3,6,False
600,0.8353949026896538,0.04294834468874934,BiAA,soft,4,6,False
601,0.8404437892997786,0.03646242274600008,SBM,soft,4,6,True
602,0.8299849743995101,0.038920119120326155,SBM,soft,4,6,False
603,0.8564214858965868,0.04632153269392522,DBiAA,soft,4,6,False
604,0.829290663476397,0.035514445655412855,DSBM,soft,4,6,True
605,0.8464120147834819,0.042569707971763154,DSBM,soft,4,6,False
606,0.8374137452199364,0.021526173016057828,BiAA,hard,4,6,False
607,0.7819439993733398,0.01754424015750304,SBM,hard,4,6,True
608,0.6282317503044286,0.008537158374665543,SBM,hard,4,6,False
609,0.8406257343673225,0.03528418267000988,DBiAA,hard,4,6,False
610,0.8078289787576464,0.02219329481124877,DSBM,hard,4,6,True
611,0.8142266088430287,0.032501566329075096,DSBM,hard,4,6,False
612,0.85754235296631,0.04631465557822716,BiAA,soft,5,6,False
613,0.855808711999829,0.03935098368231137,SBM,soft,5,6,True
614,0.8453936920962493,0.03849132064270835,SBM,soft,5,6,False
615,0.8688236592678047,0.03464228749635298,DBiAA,soft,5,6,False
616,0.8343812087419088,0.02479138511068369,DSBM,soft,5,6,True
617,0.8600874475706239,0.039715223666444706,DSBM,soft,5,6,False
618,0.856551802716002,0.024099894917955153,BiAA,hard,5,6,False
619,0.829909134283293,0.021243045634700742,SBM,hard,5,6,True
620,0.7845571008424307,0.018088027845070728,SBM,hard,5,6,False
621,0.8459000049847964,0.04156444639679804,DBiAA,hard,5,6,False
622,0.8029695144096222,0.02789514398676141,DSBM,hard,5,6,True
623,0.8253576591396242,0.03605840615235348,DSBM,hard,5,6,False
624,0.8719825959395273,0.03844826424172428,BiAA,soft,6,6,False
625,0.8539789356747634,0.03358421207106274,SBM,soft,6,6,True
626,0.8230105321626183,0.05414049973654795,SBM,soft,6,6,False
627,0.8784058621205324,0.04986630252344565,DBiAA,soft,6,6,False
628,0.8604712768911963,0.03203149433456755,DSBM,soft,6,6,True
629,0.8521452427239777,0.0409911570047048,DSBM,soft,6,6,False
630,0.8600511297684919,0.02773595164143857,BiAA,hard,6,6,False
631,0.8257567989061932,0.02138790723924934,SBM,hard,6,6,True
632,0.6282317503044286,0.008537158374665543,SBM,hard,6,6,False
633,0.858883619247011,0.033323954594256903,DBiAA,hard,6,6,False
634,0.8329267163722076,0.03768593787765785,DSBM,hard,6,6,True
635,0.8310659630982645,0.03404836667610567,DSBM,hard,6,6,False
636,0.8654995122020694,0.04398978572098997,BiAA,soft,7,6,False
637,0.8241470657352218,0.033010106427708935,SBM,soft,7,6,True
638,0.8222307675874297,0.055433876077786284,SBM,soft,7,6,False
639,0.879007598253897,0.041320540543442204,DBiAA,soft,7,6,False
640,0.8598364274676521,0.03516204183844541,DSBM,soft,7,6,True
641,0.8691056563196536,0.037495577302449554,DSBM,soft,7,6,False
642,0.8551421735136405,0.02465601446328755,BiAA,hard,7,6,False
643,0.8213103605432004,0.018339887652765882,SBM,hard,7,6,True
644,0.7841212872168457,0.01789289369025749,SBM,hard,7,6,False
645,0.8414279305261807,0.03428404437941176,DBiAA,hard,7,6,False
646,0.8057642048893732,0.022147503298280014,DSBM,hard,7,6,True
647,0.8194172060928453,0.041799688504568784,DSBM,hard,7,6,False
648,0.8896743503742158,0.041959680250078936,BiAA,soft,8,6,False
649,0.8763667243478818,0.04485542729054229,SBM,soft,8,6,True
650,0.8595654681791962,0.03286070619010481,SBM,soft,8,6,False
651,0.8873542837203673,0.043922719153984914,DBiAA,soft,8,6,False
652,0.8580974456479167,0.040042677322807405,DSBM,soft,8,6,True
653,0.8680424704650814,0.039680268174321014,DSBM,soft,8,6,False
654,0.8523706267313266,0.025898347288562766,BiAA,hard,8,6,False
655,0.8519120254651883,0.02555702183239722,SBM,hard,8,6,True
656,0.7965102864833686,0.01789289369025749,SBM,hard,8,6,False
657,0.8539906855519239,0.03906432484212109,DBiAA,hard,8,6,False
658,0.8436739373482307,0.03885040613626939,DSBM,hard,8,6,True
659,0.8264877836883221,0.0452699764365496,DSBM,hard,8,6,False
660,0.8860731910530025,0.04166261635577266,BiAA,soft,9,6,False
661,0.8787946762374758,0.0466663992618328,SBM,soft,9,6,True
662,0.8475150790090225,0.06698009314909434,SBM,soft,9,6,False
663,0.8829356177942989,0.046378569147885663,DBiAA,soft,9,6,False
664,0.8638221282232049,0.0428337863805276,DSBM,soft,9,6,True
665,0.8719811717119926,0.0458928191956631,DSBM,soft,9,6,False
666,0.8575676330050488,0.029521294118538138,BiAA,hard,9,6,False
667,0.8465366346927585,0.025978477923658257,SBM,hard,9,6,True
668,0.7845571008424307,0.018088027845070728,SBM,hard,9,6,False
669,0.8627681998476077,0.042705737791623594,DBiAA,hard,9,6,False
670,0.8370356128095024,0.03469202897124228,DSBM,hard,9,6,True
671,0.8356697786038297,0.0413273591482169,DSBM,hard,9,6,False
672,0.8068989901826715,0.029137658437105828,BiAA,soft,2,7,False
673,0.8090957011292125,0.0208849946144253,SBM,soft,2,7,True
674,0.811191595969372,0.02753013978198595,SBM,soft,2,7,False
675,0.8097276020817086,0.023786540852351542,DBiAA,soft,2,7,False
676,0.801489485960277,0.02212399725508683,DSBM,soft,2,7,True
677,0.809723281391435,0.023788582157517387,DSBM,soft,2,7,False
678,0.7709548077400845,0.012746754563476709,BiAA,hard,2,7,False
679,0.7709548077400845,0.012746754563476709,SBM,hard,2,7,True
680,0.5922701410777386,0.0077320029906591,SBM,hard,2,7,False
681,0.7964238366721468,0.02172728658472948,DBiAA,hard,2,7,False
682,0.7799771291461524,0.020806102721849393,DSBM,hard,2,7,True
683,0.7424548145811775,0.025272133539624285,DSBM,hard,2,7,False
684,0.8548082441650877,0.0392984232986302,BiAA,soft,3,7,False
685,0.8031187462509011,0.02245228117558414,SBM,soft,3,7,True
686,0.8559327038087605,0.03746760303334434,SBM,soft,3,7,False
687,0.8496392583679169,0.028817510113079602,DBiAA,soft,3,7,False
688,0.8323230119243851,0.025203113746621344,DSBM,soft,3,7,True
689,0.8360845328649704,0.027305616851647986,DSBM,soft,3,7,False
690,0.83066134645671,0.018051037353514373,BiAA,hard,3,7,False
691,0.8080464935078028,0.01605015235254953,SBM,hard,3,7,True
692,0.6095107754414846,0.008102370752441175,SBM,hard,3,7,False
693,0.8380529673420626,0.02752910761788534,DBiAA,hard,3,7,False
694,0.8006307487684232,0.022537658026842558,DSBM,hard,3,7,True
695,0.8024007915504582,0.02999818387139085,DSBM,hard,3,7,False
696,0.8752886761188967,0.03997635453304848,BiAA,soft,4,7,False
697,0.8556943457286736,0.03819567659216097,SBM,soft,4,7,True
698,0.8501026523997475,0.03594745514659084,SBM,soft,4,7,False
699,0.8704239389284832,0.033465806501318036,DBiAA,soft,4,7,False
700,0.8593978974080898,0.03254878530931736,DSBM,soft,4,7,True
701,0.846436906760224,0.03612141944893997,DSBM,soft,4,7,False
702,0.8438833788085984,0.022515338104416666,BiAA,hard,4,7,False
703,0.8315848940026659,0.021194812734435693,SBM,hard,4,7,True
704,0.6126065500224316,0.008503290638216442,SBM,hard,4,7,False
705,0.8384544314799732,0.027832148187479547,DBiAA,hard,4,7,False
706,0.8063160570532749,0.0239234294687151,DSBM,hard,4,7,True
707,0.818418310509287,0.028182830891983326,DSBM,hard,4,7,False
708,0.875658455194802,0.03954711141216416,BiAA,soft,5,7,False
709,0.8517117494690951,0.029404471726854304,SBM,soft,5,7,True
710,0.8746258102194406,0.038322247679209866,SBM,soft,5,7,False
711,0.8855362732750184,0.03913075310522488,DBiAA,soft,5,7,False
712,0.8480650868782795,0.03154181147725623,DSBM,soft,5,7,True
713,0.8768495254801907,0.044470006326428904,DSBM,soft,5,7,False
714,0.8662991199474028,0.03152780859327107,BiAA,hard,5,7,False
715,0.8547801596783102,0.02525865751818691,SBM,hard,5,7,True
716,0.6095107754414846,0.008102370752441175,SBM,hard,5,7,False
717,0.8693452065902049,0.035489343693306474,DBiAA,hard,5,7,False
718,0.8382996067451736,0.03205545615757442,DSBM,hard,5,7,True
719,0.8515482833537485,0.033457380830699816,DSBM,hard,5,7,False
720,0.8775797221364086,0.036846857441917895,BiAA,soft,6,7,False
721,0.872284716206261,0.03245080105034967,SBM,soft,6,7,True
722,0.8393642968400631,0.03206853836101568,SBM,soft,6,7,False
723,0.8935288301659073,0.043510237901527096,DBiAA,soft,6,7,False
724,0.8708927338231557,0.03373095750480827,DSBM,soft,6,7,True
725,0.8632292695080965,0.03030385875518679,DSBM,soft,6,7,False
726,0.8802722322918309,0.029040427060402284,BiAA,hard,6,7,False
727,0.8715091523021717,0.028249817798968877,SBM,hard,6,7,True
728,0.7743335875339444,0.013027009867266393,SBM,hard,6,7,False
729,0.869276435603352,0.032330950098393436,DBiAA,hard,6,7,False
730,0.8147709278034259,0.02425938511332683,DSBM,hard,6,7,True
731,0.8583814550212542,0.03592893129373277,DSBM,hard,6,7,False
732,0.8903934492574535,0.0409884181375173,BiAA,soft,7,7,False
733,0.8590558427614395,0.03436919748741159,SBM,soft,7,7,True
734,0.8222676854854332,0.03842407512245576,SBM,soft,7,7,False
735,0.8937268618034417,0.04395879814597443,DBiAA,soft,7,7,False
736,0.878827681510398,0.03698260004938847,DSBM,soft,7,7,True
737,0.8604481852020678,0.03976986677489498,DSBM,soft,7,7,False
738,0.8747107837948191,0.031938276720472204,BiAA,hard,7,7,False
739,0.8676079290427439,0.027207362716926305,SBM,hard,7,7,True
740,0.7874191580846955,0.013765256354584723,SBM,hard,7,7,False
741,0.8640437196246472,0.033924667584110224,DBiAA,hard,7,7,False
742,0.8331299008329571,0.025473422885894898,DSBM,hard,7,7,True
743,0.8670768441966289,0.03757372603778217,DSBM,hard,7,7,False
744,0.8829661826773446,0.04030703067983513,BiAA,soft,8,7,False
745,0.8674675066088559,0.03546288274931143,SBM,soft,8,7,True
746,0.8410976137547735,0.04118027442558831,SBM,soft,8,7,False
747,0.893909771025019,0.052255798192362604,DBiAA,soft,8,7,False
748,0.8812508686387738,0.04183789093516093,DSBM,soft,8,7,True
749,0.8771678163303369,0.05030071856742634,DSBM,soft,8,7,False
750,0.871294558018589,0.033080460428647734,BiAA,hard,8,7,False
751,0.846346172264481,0.028242821860933333,SBM,hard,8,7,True
752,0.8006516321047451,0.01762909994427942,SBM,hard,8,7,False
753,0.8803298414954773,0.03903733720284916,DBiAA,hard,8,7,False
754,0.8727203858088368,0.03240116209214748,DSBM,hard,8,7,True
755,0.8593759338991998,0.03717393338054598,DSBM,hard,8,7,False
756,0.8948264774780419,0.06395227386375905,BiAA,soft,9,7,False
757,0.8804216561637888,0.034489721038780785,SBM,soft,9,7,True
758,0.8252428407962457,0.03677151237912844,SBM,soft,9,7,False
759,0.8975751566070195,0.046801767424526616,DBiAA,soft,9,7,False
760,0.88706327722917,0.04384348656012205,DSBM,soft,9,7,True
761,0.8672374298517931,0.04506083813244819,DSBM,soft,9,7,False
762,0.88308176114216,0.040800593609075855,BiAA,hard,9,7,False
763,0.8777161839375459,0.040800593609075855,SBM,hard,9,7,True
764,0.8080317311493684,0.022101540148198484,SBM,hard,9,7,False
765,0.882771751615038,0.0402070491910576,DBiAA,hard,9,7,False
766,0.8458359707546876,0.03206899498485782,DSBM,hard,9,7,True
767,0.8577268704448222,0.04026141973025606,DSBM,hard,9,7,False
768,0.797192559483303,0.02603651386768674,BiAA,soft,2,8,False
769,0.7974723241785107,0.02020628777357417,SBM,soft,2,8,True
770,0.8034193942824306,0.04180464352434344,SBM,soft,2,8,False
771,0.7942148837698311,0.03334371090535963,DBiAA,soft,2,8,False
772,0.7940510575969617,0.03333940574896522,DSBM,soft,2,8,True
773,0.7939851670702912,0.033338099459818686,DSBM,soft,2,8,False
774,0.7740134963961842,0.012880327979568014,BiAA,hard,2,8,False
775,0.7614510894260467,0.012643483602663126,SBM,hard,2,8,True
776,0.6070915489458596,0.007918065511491507,SBM,hard,2,8,False
777,0.7876107086868198,0.0322735657343117,DBiAA,hard,2,8,False
778,0.7661411987179072,0.0322735397188312,DSBM,hard,2,8,True
779,0.6407806911232139,0.02938918472188636,DSBM,hard,2,8,False
780,0.8117334825411708,0.037299889935270454,BiAA,soft,3,8,False
781,0.7851299123547978,0.03264899204339717,SBM,soft,3,8,True
782,0.8289075062632005,0.03391378762720056,SBM,soft,3,8,False
783,0.8473586540185659,0.038465071584030515,DBiAA,soft,3,8,False
784,0.84754372358528,0.0397402749628081,DSBM,soft,3,8,True
785,0.8465262010258758,0.038989186357685945,DSBM,soft,3,8,False
786,0.8032152416670088,0.017697145395704834,BiAA,hard,3,8,False
787,0.7839186788481328,0.015514861038519474,SBM,hard,3,8,True
788,0.6070915489458596,0.007918065511491507,SBM,hard,3,8,False
789,0.8279875592924726,0.049823362747836435,DBiAA,hard,3,8,False
790,0.8061183854732632,0.03428124164996654,DSBM,hard,3,8,True
791,0.7927631318379424,0.033862362044261074,DSBM,hard,3,8,False
792,0.8584102596230774,0.04857575769684452,BiAA,soft,4,8,False
793,0.8599826308251007,0.0265921040283224,SBM,soft,4,8,True
794,0.8453416117758973,0.03765057813788219,SBM,soft,4,8,False
795,0.878082362438223,0.04156811870829421,DBiAA,soft,4,8,False
796,0.8440598069947656,0.0389019683212522,DSBM,soft,4,8,True
797,0.8707767953008173,0.043148759064229616,DSBM,soft,4,8,False
798,0.8195442103830508,0.018354689236820786,BiAA,hard,4,8,False
799,0.777836227115644,0.014503024471520083,SBM,hard,4,8,True
800,0.7400499903864641,0.01304154235473506,SBM,hard,4,8,False
801,0.8591534183501155,0.03604430323128007,DBiAA,hard,4,8,False
802,0.8176222233263987,0.033705115014693775,DSBM,hard,4,8,True
803,0.8305871746070151,0.035262746322898796,DSBM,hard,4,8,False
804,0.87653195474509,0.04734773461835327,BiAA,soft,5,8,False
805,0.8769272979051133,0.03138999872961851,SBM,soft,5,8,True
806,0.8363048880689178,0.03705704280052302,SBM,soft,5,8,False
807,0.8933307985283728,0.045369714927704814,DBiAA,soft,5,8,False
808,0.8679946308222202,0.040370591885774555,DSBM,soft,5,8,True
809,0.8819263365515275,0.0703985830187476,DSBM,soft,5,8,False
810,0.8522385136249366,0.023875212471522595,BiAA,hard,5,8,False
811,0.8384321079135603,0.023875212471522595,SBM,hard,5,8,True
812,0.7734003184348731,0.014357064850890663,SBM,hard,5,8,False
813,0.8672172666305169,0.03390921951051138,DBiAA,hard,5,8,False
814,0.8276620672918705,0.03397763954078056,DSBM,hard,5,8,True
815,0.850358653298451,0.0314282315165252,DSBM,hard,5,8,False
816,0.8825607579066832,0.045293229219090896,BiAA,soft,6,8,False
817,0.8759763859874254,0.038473257253781416,SBM,soft,6,8,True
818,0.8595800865146216,0.045342082939441086,SBM,soft,6,8,False
819,0.8725706018793561,0.03766315399587914,DBiAA,soft,6,8,False
820,0.8986506484275928,0.04160453700078093,DSBM,soft,6,8,True
821,0.8647199076524466,0.04234627604914484,DSBM,soft,6,8,False
822,0.863230349680665,0.027173447501298423,BiAA,hard,6,8,False
823,0.8468074059511748,0.022381065469217875,SBM,hard,6,8,True
824,0.759155002603216,0.012992784126244671,SBM,hard,6,8,False
825,0.8565055553275192,0.03711705758650504,DBiAA,hard,6,8,False
826,0.8197710466224084,0.022535743809447114,DSBM,hard,6,8,True
827,0.8556831839454672,0.035316794282505615,DSBM,hard,6,8,False
828,0.8919200931540824,0.0459690321436541,BiAA,soft,7,8,False
829,0.856901618602588,0.03434870438416249,SBM,soft,7,8,True
830,0.8683212029953905,0.04415425889058868,SBM,soft,7,8,False
831,0.909973377346765,0.05640450368657345,DBiAA,soft,7,8,False
832,0.8748483257685248,0.03607123397728643,DSBM,soft,7,8,True
833,0.8635288373670578,0.046233833866678335,DSBM,soft,7,8,False
834,0.8639112184562605,0.025721799182030484,BiAA,hard,7,8,False
835,0.8380047196340088,0.021885048459120256,SBM,hard,7,8,True
836,0.7565795111427002,0.014445825609705688,SBM,hard,7,8,False
837,0.8659966716282593,0.038113851206234985,DBiAA,hard,7,8,False
838,0.8543729346200348,0.03663961870443545,DSBM,hard,7,8,True
839,0.8259553946338467,0.03245267050932755,DSBM,hard,7,8,False
840,0.8844748236978339,0.03979597986379852,BiAA,soft,8,8,False
841,0.8606066105120954,0.03290399762566055,SBM,soft,8,8,True
842,0.857250874399694,0.041241966354415786,SBM,soft,8,8,False
843,0.8916478896668532,0.053222938850451665,DBiAA,soft,8,8,False
844,0.8648516887057875,0.05026714525644285,DSBM,soft,8,8,True
845,0.8740417969174755,0.045566877446674696,DSBM,soft,8,8,False
846,0.8665702432620634,0.029294258728844724,BiAA,hard,8,8,False
847,0.8666062490143425,0.029296649239871027,SBM,hard,8,8,True
848,0.6045045356446146,0.007990578134023357,SBM,hard,8,8,False
849,0.8752256660524085,0.04625029673127103,DBiAA,hard,8,8,False
850,0.8339565929052825,0.025092687904553837,DSBM,hard,8,8,True
851,0.8547650372623531,0.03855026153501554,DSBM,hard,8,8,False
852,0.897937374474946,0.04142567831778072,BiAA,soft,9,8,False
853,0.9025608731250905,0.04392078581116252,SBM,soft,9,8,True
854,0.8617101868194463,0.04454915385579037,SBM,soft,9,8,False
855,0.8996217235665569,0.050684862929747256,DBiAA,soft,9,8,False
856,0.8910721576879121,0.04312824211071036,DSBM,soft,9,8,True
857,0.8691111692003914,0.04680722255705476,DSBM,soft,9,8,False
858,0.8562477541412016,0.028877065565777685,BiAA,hard,9,8,False
859,0.8456123750330352,0.02885373964767563,SBM,hard,9,8,True
860,0.7911886002907824,0.016088699638553288,SBM,hard,9,8,False
861,0.8812451077184091,0.044608902679982104,DBiAA,hard,9,8,False
862,0.8493548129249128,0.041525075280828154,DSBM,hard,9,8,True
863,0.8518586529383934,0.03535648507622551,DSBM,hard,9,8,False
864,0.8110890355843249,0.03230011040759591,BiAA,soft,2,9,False
865,0.8074668689069766,0.02113997320375237,SBM,soft,2,9,True
866,0.8102754456051899,0.032044316956655834,SBM,soft,2,9,False
867,0.8086443490211996,0.025899646742020537,DBiAA,soft,2,9,False
868,0.8086436369074324,0.02589871091464956,DSBM,soft,2,9,True
869,0.8092375397893568,0.02652603154453748,DSBM,soft,2,9,False
870,0.7564944775577347,0.012446401735450181,BiAA,hard,2,9,False
871,0.7552603843990116,0.012446401735450181,SBM,hard,2,9,True
872,0.596841419385161,0.007648163090201076,SBM,hard,2,9,False
873,0.7984098499576293,0.024483849916468133,DBiAA,hard,2,9,False
874,0.7936219530432183,0.024088325698441885,DSBM,hard,2,9,True
875,0.6998226836719434,0.020590312896426217,DSBM,hard,2,9,False
876,0.8439470329779886,0.03235813620158336,BiAA,soft,3,9,False
877,0.8086386521110613,0.025896875544892835,SBM,soft,3,9,True
878,0.8027996752761221,0.027895810319822294,SBM,soft,3,9,False
879,0.8420923326710675,0.03252353467017601,DBiAA,soft,3,9,False
880,0.8343082170807609,0.028881357352686137,DSBM,soft,3,9,True
881,0.8402743062231621,0.03116232624388463,DSBM,soft,3,9,False
882,0.8113991611299822,0.017310519165165666,BiAA,hard,3,9,False
883,0.787256368077364,0.014764994608109094,SBM,hard,3,9,True
884,0.596841419385161,0.007648163090201076,SBM,hard,3,9,False
885,0.8583901244062752,0.03176382734011043,DBiAA,hard,3,9,False
886,0.8178840251518582,0.02617230787670175,DSBM,hard,3,9,True
887,0.811440819785369,0.02669504450010173,DSBM,hard,3,9,False
888,0.8561932534341687,0.03492372192709294,BiAA,soft,4,9,False
889,0.8456226366724348,0.030626467299965793,SBM,soft,4,9,True
890,0.8372802238885685,0.03286762073939565,SBM,soft,4,9,False
891,0.8775491892584759,0.034364793691312095,DBiAA,soft,4,9,False
892,0.8690967548975623,0.034618508696099545,DSBM,soft,4,9,True
893,0.841213584282225,0.033633131256842655,DSBM,soft,4,9,False
894,0.8510158302890469,0.021197694209416598,BiAA,hard,4,9,False
895,0.8031489670789806,0.01819526533504762,SBM,hard,4,9,True
896,0.7564944775577347,0.012429674515062944,SBM,hard,4,9,False
897,0.8586183568686935,0.031961450092543864,DBiAA,hard,4,9,False
898,0.833739950294459,0.029416873817830914,DSBM,hard,4,9,True
899,0.8310652509844972,0.028745043518922535,DSBM,hard,4,9,False
900,0.8760690607931523,0.03811042751352259,BiAA,soft,5,9,False
901,0.8571403647446716,0.03270710630561529,SBM,soft,5,9,True
902,0.8344705790197042,0.040472684896076035,SBM,soft,5,9,False
903,0.8774879474744884,0.03816116048247447,DBiAA,soft,5,9,False
904,0.8743411167368099,0.03402515086532198,DSBM,soft,5,9,True
905,0.8819536129091985,0.04404685272936002,DSBM,soft,5,9,False
906,0.8652680752276984,0.023963884318431793,BiAA,hard,5,9,False
907,0.7970867425779942,0.018318435189709388,SBM,hard,5,9,True
908,0.6086799547095645,0.00835438366149923,SBM,hard,5,9,False
909,0.8609533779116552,0.0337454350526639,DBiAA,hard,5,9,False
910,0.833535929700129,0.0249897847265496,DSBM,hard,5,9,True
911,0.8456934919922807,0.04020857559179481,DSBM,hard,5,9,False
912,0.8806390508947709,0.03551112055700331,BiAA,soft,6,9,False
913,0.8607935083708972,0.033728430845277144,SBM,soft,6,9,True
914,0.832472387788673,0.03313536709567156,SBM,soft,6,9,False
915,0.8885876647653229,0.04095466743028417,DBiAA,soft,6,9,False
916,0.8554070798350745,0.033049360127822426,DSBM,soft,6,9,True
917,0.857472565817115,0.03850573263759422,DSBM,soft,6,9,False
918,0.862687018878136,0.028339923317200786,BiAA,hard,6,9,False
919,0.8154660428550066,0.021003508678313923,SBM,hard,6,9,True
920,0.6371823082455653,0.01005358877567622,SBM,hard,6,9,False
921,0.8717917494498921,0.03442302951183058,DBiAA,hard,6,9,False
922,0.8462072820753843,0.030034526678451967,DSBM,hard,6,9,True
923,0.8742011863815363,0.03571073094686326,DSBM,hard,6,9,False
924,0.8873314960798138,0.039522215295776965,BiAA,soft,7,9,False
925,0.8700431540942981,0.032159493855346756,SBM,soft,7,9,True
926,0.8503962913115,0.03395841807230499,SBM,soft,7,9,False
927,0.9016848611734211,0.039457670955207184,DBiAA,soft,7,9,False
928,0.8892641728442536,0.038365527922241,DSBM,soft,7,9,True
929,0.8639186196386733,0.03798176420861792,DSBM,soft,7,9,False
930,0.8699395415411566,0.030078870025237795,BiAA,hard,7,9,False
931,0.8495243080034466,0.021935059527915766,SBM,hard,7,9,True
932,0.7900215058357724,0.014847098860749159,SBM,hard,7,9,False
933,0.8867400855960748,0.037463691442914185,DBiAA,hard,7,9,False
934,0.8544289915756941,0.02838702592392901,DSBM,hard,7,9,True
935,0.8382390850762316,0.037179242466924944,DSBM,hard,7,9,False
936,0.8866428820668389,0.04250032060169389,BiAA,soft,8,9,False
937,0.8562826237119642,0.030558686827163097,SBM,soft,8,9,True
938,0.8631402792910196,0.042626852581707585,SBM,soft,8,9,False
939,0.9032045119528296,0.04423394885286921,DBiAA,soft,8,9,False
940,0.8701752511981315,0.03405513659376204,DSBM,soft,8,9,True
941,0.8747797788174639,0.03629431887880643,DSBM,soft,8,9,False
942,0.8805678395180414,0.03179537906842886,BiAA,hard,8,9,False
943,0.8659969236685252,0.03175593931660461,SBM,hard,8,9,True
944,0.7552603843990116,0.012446401735450181,SBM,hard,8,9,False
945,0.8963190839368497,0.053565926560313996,DBiAA,hard,8,9,False
946,0.8648290570901607,0.03353170401251821,DSBM,hard,8,9,True
947,0.8516948307661631,0.038880229133328614,DSBM,hard,8,9,False
948,0.8868978187955308,0.03563178169857209,BiAA,soft,9,9,False
949,0.8735214737906527,0.02913084285101361,SBM,soft,9,9,True
950,0.8467078980537931,0.033747833574625456,SBM,soft,9,9,False
951,0.9047512230553953,0.04020400417419791,DBiAA,soft,9,9,False
952,0.8653966117626953,0.02772651948860108,DSBM,soft,9,9,True
953,0.8726199377612567,0.0401297972112889,DSBM,soft,9,9,False
954,0.8855615373112009,0.03969999936402394,BiAA,hard,9,9,False
955,0.8292176718152492,0.023684827939540565,SBM,hard,9,9,True
956,0.7875134411473578,0.015658717423784798,SBM,hard,9,9,False
957,0.8805204839525163,0.045221342761368806,DBiAA,hard,9,9,False
958,0.8596181645979761,0.03611522607039827,DSBM,hard,9,9,True
959,0.846848540522834,0.044977379572904895,DSBM,hard,9,9,False
