,auc,prauc,model,assignment,alpha,iteration
0,0.8665718790971264,0.43288691232644577,BiAA,soft,0.0,0
1,0.8669178094326919,0.4251876729140842,SBM,soft,0.0,0
2,0.8770995003720634,0.42813583657438886,DBiAA,soft,0.0,0
3,0.8733695652173912,0.42237607958390483,DSBM,soft,0.0,0
4,0.8664091013784062,0.4297309902670711,BiAA,hard,0.0,0
5,0.8664091013784062,0.4297309902670711,SBM,hard,0.0,0
6,0.8726334112894654,0.43766936009126695,DBiAA,hard,0.0,0
7,0.8734572658658446,0.4332724866095196,DSBM,hard,0.0,0
8,0.8927367917508238,0.4693326589612528,BiAA,soft,0.0,1
9,0.8902421955281529,0.4496478007901555,SBM,soft,0.0,1
10,0.895746075617448,0.4538188698146166,DBiAA,soft,0.0,1
11,0.8934051769958543,0.4439493922963794,DSBM,soft,0.0,1
12,0.8996680220403246,0.45424541868566115,BiAA,hard,0.0,1
13,0.8918788313667129,0.417442207402843,SBM,hard,0.0,1
14,0.8975944332234862,0.4574966958845507,DBiAA,hard,0.0,1
15,0.8868435739343044,0.45122448926769787,DSBM,hard,0.0,1
16,0.8834608979129018,0.447570975700691,BiAA,soft,0.0,2
17,0.8781570018780341,0.44953625071026243,SBM,soft,0.0,2
18,0.8815753339711562,0.41841337297024384,DBiAA,soft,0.0,2
19,0.8814599500372062,0.4114588490587595,DSBM,soft,0.0,2
20,0.8846585875766274,0.43001312080693743,BiAA,hard,0.0,2
21,0.8788546206725487,0.3957588976294018,SBM,hard,0.0,2
22,0.8780646504376174,0.4250326060012433,DBiAA,hard,0.0,2
23,0.8682962155841395,0.40812072615988176,DSBM,hard,0.0,2
24,0.8954656993019382,0.4315630526407206,BiAA,soft,0.0,3
25,0.8950714893164664,0.43256896827249297,SBM,soft,0.0,3
26,0.8911922858863967,0.41501950288782846,DBiAA,soft,0.0,3
27,0.8905329807590093,0.4085127701115282,DSBM,soft,0.0,3
28,0.8952400251585698,0.4368466442423198,BiAA,hard,0.0,3
29,0.8831566032387229,0.40711924761208035,SBM,hard,0.0,3
30,0.8937608518479147,0.4271660772083783,DBiAA,hard,0.0,3
31,0.8899164186244287,0.4113726164921164,DSBM,hard,0.0,3
32,0.8607800928386662,0.3889639559810599,BiAA,soft,0.0,4
33,0.8611455122072216,0.3855416053402213,SBM,soft,0.0,4
34,0.8677872860635697,0.38941946867821536,DBiAA,soft,0.0,4
35,0.8573026292477233,0.3860059374968081,DSBM,soft,0.0,4
36,0.8717665922539953,0.3793771071953189,BiAA,hard,0.0,4
37,0.8582449682860281,0.3467543760242806,SBM,hard,0.0,4
38,0.8711801495340348,0.3917415349560468,DBiAA,hard,0.0,4
39,0.8712377307678679,0.38956948495640475,DSBM,hard,0.0,4
40,0.9070284539881649,0.45938679410787947,BiAA,soft,0.0,5
41,0.907485117465717,0.44638879620817834,SBM,soft,0.0,5
42,0.9078235179476277,0.44739871757510014,DBiAA,soft,0.0,5
43,0.901751798306226,0.44249877171513896,DSBM,soft,0.0,5
44,0.9031009709081889,0.46853242274727924,BiAA,hard,0.0,5
45,0.8929755324049466,0.44283832521024646,SBM,hard,0.0,5
46,0.9072999716523156,0.4395266844744932,DBiAA,hard,0.0,5
47,0.9056420750504944,0.44625570932239256,DSBM,hard,0.0,5
48,0.891092626058609,0.4395615623038464,BiAA,soft,0.0,6
49,0.8871184135927147,0.44370869362119725,SBM,soft,0.0,6
50,0.8926592785514332,0.42671168216657496,DBiAA,soft,0.0,6
51,0.8829393448141455,0.3979507663937061,DSBM,soft,0.0,6
52,0.8906299829913894,0.44007092263805647,BiAA,hard,0.0,6
53,0.8864139293433968,0.41979303622408376,SBM,hard,0.0,6
54,0.8891906736118494,0.4346614678942938,DBiAA,hard,0.0,6
55,0.8885357978101414,0.4345780510096551,DSBM,hard,0.0,6
56,0.8870610538251658,0.4442811023848317,BiAA,soft,0.0,7
57,0.8869543070762906,0.4305557312886241,SBM,soft,0.0,7
58,0.8867089224336486,0.4381522706470621,DBiAA,soft,0.0,7
59,0.8837231139931258,0.4196756381625574,DSBM,soft,0.0,7
60,0.8911214166755252,0.4529766359218914,BiAA,hard,0.0,7
61,0.882959941178555,0.4106090093349482,SBM,hard,0.0,7
62,0.8870610538251656,0.4267359884905556,DBiAA,hard,0.0,7
63,0.8816676854115729,0.42384789639175546,DSBM,hard,0.0,7
64,0.8966598455051203,0.4550197500897549,BiAA,soft,0.0,8
65,0.8974179245951596,0.44761066841683206,SBM,soft,0.0,8
66,0.899246571701924,0.4534160091140412,DBiAA,soft,0.0,8
67,0.8938888593600511,0.43668613947245827,DSBM,soft,0.0,8
68,0.8947603291874846,0.4533420653407375,BiAA,hard,0.0,8
69,0.8897886325785763,0.4175090183953266,SBM,hard,0.0,8
70,0.9011024591616172,0.4535423134106277,DBiAA,hard,0.0,8
71,0.8922974026434216,0.4469704160802063,DSBM,hard,0.0,8
72,0.8817706672336203,0.4475727408844161,BiAA,soft,0.0,9
73,0.8831619184295382,0.44828054296446246,SBM,soft,0.0,9
74,0.8809968640374191,0.4284989665258981,DBiAA,soft,0.0,9
75,0.8772024821941107,0.41837750761211234,DSBM,soft,0.0,9
76,0.8801561780234577,0.4580474617592359,BiAA,hard,0.0,9
77,0.8713938644980689,0.42782632136394944,SBM,hard,0.0,9
78,0.8746852964104747,0.42390216910645045,DBiAA,hard,0.0,9
79,0.7888801778817193,0.390549286545191,DSBM,hard,0.0,9
80,0.8782546685092661,0.4281037635553749,BiAA,soft,0.0,10
81,0.8730349296623083,0.406018845252848,SBM,soft,0.0,10
82,0.8793464972892528,0.4255975779046434,DBiAA,soft,0.0,10
83,0.8822448265476064,0.41909439463075643,DSBM,soft,0.0,10
84,0.8901144094823005,0.435380350184166,BiAA,hard,0.0,10
85,0.8840900836256688,0.414299623442317,SBM,hard,0.0,10
86,0.8859904858084404,0.4200229721676002,DBiAA,hard,0.0,10
87,0.8786355905176996,0.4047021630504583,DSBM,hard,0.0,10
88,0.8816076680486162,0.4606512293357907,BiAA,soft,0.0,11
89,0.8796377254526772,0.46061775735736366,SBM,soft,0.0,11
90,0.8834011020162291,0.4581399132195031,DBiAA,soft,0.0,11
91,0.880636095460827,0.43559724251513043,DSBM,soft,0.0,11
92,0.8921481343680238,0.4439938875800673,BiAA,hard,0.0,11
93,0.8921481343680238,0.4439938875800673,SBM,hard,0.0,11
94,0.8875119591793346,0.445972239578259,DBiAA,hard,0.0,11
95,0.8841890790546045,0.4390541190200037,DSBM,hard,0.0,11
96,0.8480196484887141,0.429356263653658,BiAA,soft,0.0,12
97,0.8439978207717658,0.4291418542120792,SBM,soft,0.0,12
98,0.8555743063675986,0.4281296585844098,DBiAA,soft,0.0,12
99,0.8566391162609402,0.4044534238136113,DSBM,soft,0.0,12
100,0.8695616739307608,0.41315930325061895,BiAA,hard,0.0,12
101,0.8604658321817087,0.385480403243793,SBM,hard,0.0,12
102,0.8688981609439779,0.4275364499883815,DBiAA,hard,0.0,12
103,0.8586258902944616,0.4216805131544977,DSBM,hard,0.0,12
104,0.8887357818645689,0.46034751007541813,BiAA,soft,0.0,13
105,0.8879500194890331,0.4657080274000904,SBM,soft,0.0,13
106,0.8873276992310691,0.43710823725701786,DBiAA,soft,0.0,13
107,0.880684596577017,0.42194941370478034,DSBM,soft,0.0,13
108,0.8913003614329754,0.4506676590975668,BiAA,hard,0.0,13
109,0.8865426012543849,0.4152322782410382,SBM,hard,0.0,13
110,0.8921587647496546,0.43577648522244095,DBiAA,hard,0.0,13
111,0.8923204351369548,0.4363440564467844,DSBM,hard,0.0,13
112,0.8676362460579001,0.4280682329431254,BiAA,soft,0.0,14
113,0.8658673948478084,0.424331295421298,SBM,soft,0.0,14
114,0.8670112682045287,0.4086594528693476,DBiAA,soft,0.0,14
115,0.8538335813755714,0.3821745396582542,DSBM,soft,0.0,14
116,0.8726934286524219,0.400947449675392,BiAA,hard,0.0,14
117,0.8726934286524219,0.400947449675392,SBM,hard,0.0,14
118,0.868283813472237,0.40680223760971573,DBiAA,hard,0.0,14
119,0.8545502462705078,0.3939573717502622,DSBM,hard,0.0,14
120,0.8737358704510826,0.43360216069157664,BiAA,soft,0.0,15
121,0.8740481379114843,0.42707481555192434,SBM,soft,0.0,15
122,0.8762021189894049,0.43420519714650874,DBiAA,soft,0.0,15
123,0.8763268045072818,0.40526607013024296,DSBM,soft,0.0,15
124,0.8715327238581199,0.4231675078425935,BiAA,hard,0.0,15
125,0.8715327238581199,0.4231675078425935,SBM,hard,0.0,15
126,0.8635701250841572,0.4378874670592056,DBiAA,hard,0.0,15
127,0.8564741238793805,0.42468988161943033,DSBM,hard,0.0,15
128,0.896278480564119,0.4321764973296193,BiAA,soft,0.0,16
129,0.8901987881364941,0.42573576989361384,SBM,soft,0.0,16
130,0.8921166861556996,0.4118828588773666,DBiAA,soft,0.0,16
131,0.8873848375323341,0.40453203455574605,DSBM,soft,0.0,16
132,0.8929914779773926,0.4378318610768128,BiAA,hard,0.0,16
133,0.8927113231281669,0.44039878161626067,SBM,hard,0.0,16
134,0.8750451791219305,0.40843696805077706,DBiAA,hard,0.0,16
135,0.8752103929697743,0.4061225928689458,DSBM,hard,0.0,16
136,0.8806710871336947,0.43792432217963245,BiAA,soft,0.0,17
137,0.8730307218029126,0.43744447614113274,SBM,soft,0.0,17
138,0.8798545409446865,0.4194527008211088,DBiAA,soft,0.0,17
139,0.8788971421990717,0.42960762028248334,DSBM,soft,0.0,17
140,0.8815724549094646,0.44235829430683826,BiAA,hard,0.0,17
141,0.8815724549094646,0.4403567959100102,SBM,hard,0.0,17
142,0.883049856489848,0.4159509259704028,DBiAA,hard,0.0,17
143,0.8746877325395982,0.39779853521693553,DSBM,hard,0.0,17
144,0.8839605258495448,0.44073819693640093,BiAA,soft,0.0,18
145,0.884136813011587,0.4353785983779697,SBM,soft,0.0,18
146,0.8830662449948619,0.4259792648199827,DBiAA,soft,0.0,18
147,0.8752673098047554,0.4207527834164134,DSBM,soft,0.0,18
148,0.8900415470748735,0.4352013279964653,BiAA,hard,0.0,18
149,0.8870672548811169,0.4315066167330812,SBM,hard,0.0,18
150,0.8817551645937423,0.41892402631542586,DBiAA,hard,0.0,18
151,0.876137007901917,0.41358521477864313,DSBM,hard,0.0,18
152,0.8795661918429538,0.4471185043750919,BiAA,soft,0.0,19
153,0.8772591775628078,0.43034084416343593,SBM,soft,0.0,19
154,0.8816019099252331,0.4393100146524611,DBiAA,soft,0.0,19
155,0.8777727578753411,0.4425178671243563,DSBM,soft,0.0,19
156,0.8824547765848128,0.43971600945894834,BiAA,hard,0.0,19
157,0.843447477056093,0.36044371591822166,SBM,hard,0.0,19
158,0.8819952340455689,0.45076931377787294,DBiAA,hard,0.0,19
159,0.8816670210127211,0.44296654681364644,DSBM,hard,0.0,19
160,0.9064375819425251,0.45065908934905025,BiAA,soft,0.0,20
161,0.9016388505013997,0.4417080152214537,SBM,soft,0.0,20
162,0.9033729315049077,0.44969166860354615,DBiAA,soft,0.0,20
163,0.8963380549945075,0.4134368061126849,DSBM,soft,0.0,20
164,0.903771570816059,0.44810251566540515,BiAA,hard,0.0,20
165,0.8877690815350271,0.4177689343616384,SBM,hard,0.0,20
166,0.8997364551220722,0.4643566877028689,DBiAA,hard,0.0,20
167,0.8994213085999787,0.46241890780544814,DSBM,hard,0.0,20
168,0.8773958222600192,0.45100733237176704,BiAA,soft,0.0,21
169,0.8738953261755431,0.43685162873832495,SBM,soft,0.0,21
170,0.8773094504092698,0.4454803160539821,DBiAA,soft,0.0,21
171,0.8698176889550335,0.4415596022519738,DSBM,soft,0.0,21
172,0.8834868094681265,0.43244293354549135,BiAA,hard,0.0,21
173,0.8834868094681265,0.43244293354549135,SBM,hard,0.0,21
174,0.8767300946103965,0.44456823257361194,DBiAA,hard,0.0,21
175,0.8689402395379325,0.433424037410194,DSBM,hard,0.0,21
176,0.8806921264306722,0.43800221219462615,BiAA,soft,0.0,22
177,0.8771681549200949,0.42972007782793,SBM,soft,0.0,22
178,0.8793212501328798,0.4382883514110534,DBiAA,soft,0.0,22
179,0.8787219623684491,0.4124263292078984,DSBM,soft,0.0,22
180,0.8805058732858511,0.41223079826274944,BiAA,hard,0.0,22
181,0.8805058732858511,0.41223079826274944,SBM,hard,0.0,22
182,0.8743581907090464,0.4286774547887142,DBiAA,hard,0.0,22
183,0.87554126359803,0.4355521150713945,DSBM,hard,0.0,22
184,0.8764904680911377,0.41547412599555994,BiAA,soft,0.0,23
185,0.8684760462067255,0.41726532269258004,SBM,soft,0.0,23
186,0.8760267176924985,0.4133412269162945,DBiAA,soft,0.0,23
187,0.8701277417525957,0.39804175548363896,DSBM,soft,0.0,23
188,0.8835521420218986,0.4109945644205945,BiAA,hard,0.0,23
189,0.8835521420218986,0.4109945644205945,SBM,hard,0.0,23
190,0.8802097728641792,0.41407830207189644,DBiAA,hard,0.0,23
191,0.8800498742071506,0.4142067436040986,DSBM,hard,0.0,23
192,0.8765812692675667,0.4354223824964191,BiAA,soft,0.0,24
193,0.8776494011551681,0.42101316694302965,SBM,soft,0.0,24
194,0.8748635767690726,0.4294546711335985,DBiAA,soft,0.0,24
195,0.8758147744587365,0.42966775636631527,DSBM,soft,0.0,24
196,0.8849781634244003,0.43501105607370466,BiAA,hard,0.0,24
197,0.8842732362425145,0.4106040503808759,SBM,hard,0.0,24
198,0.8723897983770951,0.42741621566126553,DBiAA,hard,0.0,24
199,0.8699390524786508,0.4167804761961345,DSBM,hard,0.0,24
200,0.7558730876078318,0.15251469913423266,BiAA,soft,0.25,0
201,0.7560330351485829,0.1523254275018347,SBM,soft,0.25,0
202,0.7614406798435083,0.15550683988776057,DBiAA,soft,0.25,0
203,0.7493303027483507,0.1500319085014043,DSBM,soft,0.25,0
204,0.7575556382615785,0.14785549375663715,BiAA,hard,0.25,0
205,0.7575556382615785,0.14785549375663715,SBM,hard,0.25,0
206,0.7620335048006416,0.15101864351292152,DBiAA,hard,0.25,0
207,0.701420475943624,0.1289865884445749,DSBM,hard,0.25,0
208,0.716448455686556,0.13507774739459655,BiAA,soft,0.25,1
209,0.7163319288078369,0.13463062067286455,SBM,soft,0.25,1
210,0.7152605904323901,0.13786937925621714,DBiAA,soft,0.25,1
211,0.6972658274959127,0.12663160967023662,DSBM,soft,0.25,1
212,0.7316011590658356,0.12964352506278326,BiAA,hard,0.25,1
213,0.7275512961953753,0.1291637887116202,SBM,hard,0.25,1
214,0.7148587277746025,0.13031229739229838,DBiAA,hard,0.25,1
215,0.6785400023925672,0.11735349585922226,DSBM,hard,0.25,1
216,0.7349461007802428,0.14012807810151784,BiAA,soft,0.25,2
217,0.7311104612780739,0.13941951668667885,SBM,soft,0.25,2
218,0.7401501557383949,0.1359310724051306,DBiAA,soft,0.25,2
219,0.7246046725949162,0.13304454741144398,DSBM,soft,0.25,2
220,0.744473391552466,0.12926919550018978,BiAA,hard,0.25,2
221,0.7339071063673299,0.12884738635959764,SBM,hard,0.25,2
222,0.7456537246509731,0.14152408964917998,DBiAA,hard,0.25,2
223,0.6853012197661487,0.11774500840705485,DSBM,hard,0.25,2
224,0.741498633135282,0.15336437746040285,BiAA,soft,0.25,3
225,0.7413581805856473,0.15099358528610182,SBM,soft,0.25,3
226,0.7379859901904748,0.16340348138302643,DBiAA,soft,0.25,3
227,0.7432226106451513,0.15426146898270562,DSBM,soft,0.25,3
228,0.736553772945383,0.14220747671649614,BiAA,hard,0.25,3
229,0.7333446315668213,0.13833182019209217,SBM,hard,0.25,3
230,0.7422095357090639,0.14617993269037693,DBiAA,hard,0.25,3
231,0.6711682373426555,0.12102007878233123,DSBM,hard,0.25,3
232,0.7626834855271846,0.14989999075364996,BiAA,soft,0.25,4
233,0.7625722754642246,0.1486251884781624,SBM,soft,0.25,4
234,0.7565731350161056,0.14882299741901564,DBiAA,soft,0.25,4
235,0.7512804664619692,0.1480058762769742,DSBM,soft,0.25,4
236,0.7622105104586197,0.1420609554081843,BiAA,hard,0.25,4
237,0.7620091360617459,0.1420609554081843,SBM,hard,0.25,4
238,0.7614566302907855,0.14900756000565196,DBiAA,hard,0.25,4
239,0.7614176403085525,0.14854511047584132,DSBM,hard,0.25,4
240,0.7458885506803309,0.1577468782972474,BiAA,soft,0.25,5
241,0.7421129468894412,0.1532138876106592,SBM,soft,0.25,5
242,0.7445438393612732,0.1549764584805866,DBiAA,soft,0.25,5
243,0.7417471942720172,0.14969588452472457,DSBM,soft,0.25,5
244,0.7490651265623683,0.14466803619780919,BiAA,hard,0.25,5
245,0.7484118228259762,0.1373473273920047,SBM,hard,0.25,5
246,0.7451242584149685,0.14062955748547684,DBiAA,hard,0.25,5
247,0.7431433014767456,0.1406510703287948,DSBM,hard,0.25,5
248,0.7239212402358893,0.1486880563933349,BiAA,soft,0.25,6
249,0.7237351516843229,0.14757917454509217,SBM,soft,0.25,6
250,0.730448960784053,0.15005757835618228,DBiAA,soft,0.25,6
251,0.7210262340550911,0.14742222118402587,DSBM,soft,0.25,6
252,0.7342128232734748,0.1331008682726485,BiAA,hard,0.25,6
253,0.7342128232734748,0.1327376716897985,SBM,hard,0.25,6
254,0.7276571894425763,0.14664727628946905,DBiAA,hard,0.25,6
255,0.6882693321636338,0.12420676445975107,DSBM,hard,0.25,6
256,0.7224165813760806,0.1469943542488037,BiAA,soft,0.25,7
257,0.722242677193962,0.13954680702852812,SBM,soft,0.25,7
258,0.7184218804691205,0.14201049347949993,DBiAA,soft,0.25,7
259,0.7241662568287852,0.13957940410540084,DSBM,soft,0.25,7
260,0.7190333142814103,0.12463886945029813,BiAA,hard,0.25,7
261,0.7169181077452714,0.11785332808118222,SBM,hard,0.25,7
262,0.7351273155840301,0.1401503733728062,DBiAA,hard,0.25,7
263,0.7313045250532788,0.13550804390134272,DSBM,hard,0.25,7
264,0.7411384188676068,0.1364910272333616,BiAA,soft,0.25,8
265,0.7404461251489817,0.13669025692433015,SBM,soft,0.25,8
266,0.7286664983008343,0.1318085311818578,DBiAA,soft,0.25,8
267,0.725116637645714,0.12991339521902137,DSBM,soft,0.25,8
268,0.7353187209513555,0.13203657513098987,BiAA,hard,0.25,8
269,0.7353187209513555,0.13203657513098987,SBM,hard,0.25,8
270,0.7300887465163779,0.13655685662205916,DBiAA,hard,0.25,8
271,0.6761044577069459,0.11527299245811269,DSBM,hard,0.25,8
272,0.7448079078773057,0.15306274506836076,BiAA,soft,0.25,9
273,0.7447367954665283,0.15275394901227501,SBM,soft,0.25,9
274,0.741548699817013,0.15603739826290686,DBiAA,soft,0.25,9
275,0.7357037470259062,0.14796038476338444,DSBM,soft,0.25,9
276,0.7419521132127302,0.14762354382679233,BiAA,hard,0.25,9
277,0.7444600995130682,0.14178549188725437,SBM,hard,0.25,9
278,0.7400418256173045,0.1443593095810884,DBiAA,hard,0.25,9
279,0.6970225831749366,0.1304751392407403,DSBM,hard,0.25,9
280,0.7248122499435089,0.13857993834872404,BiAA,soft,0.25,10
281,0.7248946605877741,0.1387286295273605,SBM,soft,0.25,10
282,0.7189681832883619,0.1344318275107939,DBiAA,soft,0.25,10
283,0.7079792112503821,0.13350321860375974,DSBM,soft,0.25,10
284,0.741870367170435,0.1396631701535106,BiAA,hard,0.25,10
285,0.7324199486927279,0.1368759161495246,SBM,hard,0.25,10
286,0.726354126513631,0.1270944452194275,DBiAA,hard,0.25,10
287,0.7285207289354405,0.12762390955374098,DSBM,hard,0.25,10
288,0.7414339452102134,0.13782992584789547,BiAA,soft,0.25,11
289,0.7324367852759649,0.1308588519712054,SBM,soft,0.25,11
290,0.7261051223089159,0.13470623316951702,DBiAA,soft,0.25,11
291,0.7248157944873482,0.13473823756908482,DSBM,soft,0.25,11
292,0.7405675257754797,0.13610546973863336,BiAA,hard,0.25,11
293,0.738713064745524,0.13025221738666093,SBM,hard,0.25,11
294,0.7290719055024613,0.12657873886751086,DBiAA,hard,0.25,11
295,0.6786503263195672,0.11314801014039715,DSBM,hard,0.25,11
296,0.751420254409634,0.16236669275478033,BiAA,soft,0.25,12
297,0.7511663764571399,0.1478418297911877,SBM,soft,0.25,12
298,0.7489089450994466,0.1513254441836746,DBiAA,soft,0.25,12
299,0.7478726090944133,0.14888619513763948,DSBM,soft,0.25,12
300,0.7542636431707717,0.14354216663910468,BiAA,hard,0.25,12
301,0.7525152969220067,0.14343329672300484,SBM,hard,0.25,12
302,0.7551167705661079,0.15037909788545187,DBiAA,hard,0.25,12
303,0.753251897438624,0.1496829096120655,DSBM,hard,0.25,12
304,0.7380883388938365,0.1450039816274608,BiAA,soft,0.25,13
305,0.7370457999370844,0.14422302449238833,SBM,soft,0.25,13
306,0.7344139761363586,0.14041069962969643,DBiAA,soft,0.25,13
307,0.7323324427666937,0.14163899321067674,DSBM,soft,0.25,13
308,0.7402135144595234,0.13495245940337286,BiAA,hard,0.25,13
309,0.7390431503905645,0.13163646733969397,SBM,hard,0.25,13
310,0.7361472580738063,0.13550189742978216,DBiAA,hard,0.25,13
311,0.7358756574021151,0.13550310031255772,DSBM,hard,0.25,13
312,0.7830654987394715,0.1824949072484397,BiAA,soft,0.25,14
313,0.7827097151515957,0.18238370385948968,SBM,soft,0.25,14
314,0.773768160248827,0.16541875999523514,DBiAA,soft,0.25,14
315,0.7715404144457885,0.16503072191582185,DSBM,soft,0.25,14
316,0.7881654327223426,0.1656953184148281,BiAA,hard,0.25,14
317,0.783563507148902,0.16414274942828844,SBM,hard,0.25,14
318,0.7814726693516586,0.1657190592349412,DBiAA,hard,0.25,14
319,0.7205322132574801,0.13735520788198535,DSBM,hard,0.25,14
320,0.7275659174387126,0.13775470376199855,BiAA,soft,0.25,15
321,0.7280260435358599,0.13805896266314266,SBM,soft,0.25,15
322,0.7217646068436281,0.1352964030590561,DBiAA,soft,0.25,15
323,0.7070904168826624,0.13240983825390357,DSBM,soft,0.25,15
324,0.7366811549896101,0.13172255092395538,BiAA,hard,0.25,15
325,0.7366811549896101,0.1252277323381106,SBM,hard,0.25,15
326,0.7250173904182119,0.13023823757503641,DBiAA,hard,0.25,15
327,0.7140962077811599,0.1277082396774925,DSBM,hard,0.25,15
328,0.740116704105911,0.16271224159730202,BiAA,soft,0.25,16
329,0.739939033845963,0.16249309548560656,SBM,soft,0.25,16
330,0.736398477618421,0.15643087098622138,DBiAA,soft,0.25,16
331,0.7342777327325332,0.1583938160189682,DSBM,soft,0.25,16
332,0.7453657304640251,0.13784992786400438,BiAA,hard,0.25,16
333,0.7441995755408752,0.13588679196477982,SBM,hard,0.25,16
334,0.7367307786033611,0.15495570826994381,DBiAA,hard,0.25,16
335,0.7411105055848719,0.15444279451540102,DSBM,hard,0.25,16
336,0.7334215038613374,0.14940828292949035,BiAA,soft,0.25,17
337,0.7333931475106225,0.14826832350236377,SBM,soft,0.25,17
338,0.7364334799888347,0.14632420829840748,DBiAA,soft,0.25,17
339,0.7171617951342274,0.14442187737938253,DSBM,soft,0.25,17
340,0.7400192291503285,0.14049786853853652,BiAA,hard,0.25,17
341,0.7400192291503285,0.1376246031610469,SBM,hard,0.25,17
342,0.7290995972512063,0.14182844068793618,DBiAA,hard,0.25,17
343,0.7213603073119509,0.1410683631912367,DSBM,hard,0.25,17
344,0.7257249699821444,0.1403817594506883,BiAA,soft,0.25,18
345,0.7244852657743277,0.13637594375192283,SBM,soft,0.25,18
346,0.7258171281219677,0.13634586633249363,DBiAA,soft,0.25,18
347,0.7176549297958786,0.1425008664998446,DSBM,soft,0.25,18
348,0.7307136939020553,0.13197404469523472,BiAA,hard,0.25,18
349,0.7233877863880656,0.12703976432259426,SBM,hard,0.25,18
350,0.7244524787438137,0.1306162316829873,DBiAA,hard,0.25,18
351,0.7181609134289474,0.12983281267385266,DSBM,hard,0.25,18
352,0.7377467334813181,0.15205798606609452,BiAA,soft,0.25,19
353,0.7373329079880726,0.14168804909671567,SBM,soft,0.25,19
354,0.7372934749378597,0.13926070933199433,DBiAA,soft,0.25,19
355,0.7283913530853039,0.13514804883422804,DSBM,soft,0.25,19
356,0.7448413595097897,0.1425466527112706,BiAA,hard,0.25,19
357,0.7439321840149934,0.1366230340522405,SBM,hard,0.25,19
358,0.751009530392248,0.13119825880096891,DBiAA,hard,0.25,19
359,0.7515522886676503,0.13111497526092347,DSBM,hard,0.25,19
360,0.7647543852653313,0.15298751961100837,BiAA,soft,0.25,20
361,0.7654229748470308,0.14989127792997026,SBM,soft,0.25,20
362,0.7624792311884412,0.14198000671387398,DBiAA,soft,0.25,20
363,0.7384591867930297,0.1442030792650404,DSBM,soft,0.25,20
364,0.759217807788249,0.14449019967382234,BiAA,hard,0.25,20
365,0.759217807788249,0.1415195720835681,SBM,hard,0.25,20
366,0.761259908107701,0.14023689149216456,DBiAA,hard,0.25,20
367,0.6809959282052646,0.11322143419765819,DSBM,hard,0.25,20
368,0.7583214812648703,0.15902287007720387,BiAA,soft,0.25,21
369,0.7499093925981063,0.1517321964179935,SBM,soft,0.25,21
370,0.7544805249469426,0.1623159971027503,DBiAA,soft,0.25,21
371,0.7222380249801728,0.15489724278345768,DSBM,soft,0.25,21
372,0.768230032033815,0.1499561351689552,BiAA,hard,0.25,21
373,0.7643480919277444,0.144921545228498,SBM,hard,0.25,21
374,0.7618615944244325,0.1525840813251027,DBiAA,hard,0.25,21
375,0.707202956149562,0.1290519890537684,DSBM,hard,0.25,21
376,0.7357294449687415,0.14914796261047425,BiAA,soft,0.25,22
377,0.7353366652045423,0.14858349632899218,SBM,soft,0.25,22
378,0.7373816454658638,0.14540423314197606,DBiAA,soft,0.25,22
379,0.7334028950061808,0.13822638657656888,DSBM,soft,0.25,22
380,0.7480325566351645,0.14158035246421297,BiAA,hard,0.25,22
381,0.7480325566351645,0.14158035246421297,SBM,hard,0.25,22
382,0.7380847943499971,0.1373385033119365,DBiAA,hard,0.25,22
383,0.7332159203186546,0.13645400690080092,DSBM,hard,0.25,22
384,0.7293009716480799,0.140054426514088,BiAA,soft,0.25,23
385,0.7284536041364826,0.1371707496524163,SBM,soft,0.25,23
386,0.732652780916176,0.13516011864344382,DBiAA,soft,0.25,23
387,0.7199797074865196,0.1274735473125909,DSBM,soft,0.25,23
388,0.7390684052654198,0.13848617345487405,BiAA,hard,0.25,23
389,0.7390684052654198,0.13465048413255848,SBM,hard,0.25,23
390,0.7315641628895121,0.1343991361119283,DBiAA,hard,0.25,23
391,0.6699675231170719,0.11365623771434152,DSBM,hard,0.25,23
392,0.7532275286997284,0.1577768987695617,BiAA,soft,0.25,24
393,0.7535071045950581,0.14998308947545624,SBM,soft,0.25,24
394,0.7415389523214547,0.1399245637007651,DBiAA,soft,0.25,24
395,0.7421297834726781,0.14233941259949984,DSBM,soft,0.25,24
396,0.7426397547175663,0.14546754852491706,BiAA,hard,0.25,24
397,0.741420431636826,0.14546754852491706,SBM,hard,0.25,24
398,0.7482563059650241,0.13926058375391384,DBiAA,hard,0.25,24
399,0.6779626848147311,0.109308346994149,DSBM,hard,0.25,24
400,0.6576814844127864,0.10374345874135826,BiAA,soft,0.5,0
401,0.657491755705052,0.09669202852734357,SBM,soft,0.5,0
402,0.6589526447698192,0.10107078499965151,DBiAA,soft,0.5,0
403,0.6460295475530934,0.09149881398959306,DSBM,soft,0.5,0
404,0.6594574154684958,0.08903750705656968,BiAA,hard,0.5,0
405,0.6522857582552875,0.08840164167288858,SBM,hard,0.5,0
406,0.6518361693707954,0.09468344866595108,DBiAA,hard,0.5,0
407,0.635752539242844,0.08576097805437051,DSBM,hard,0.5,0
408,0.7018942092072284,0.10755614057793508,BiAA,soft,0.5,1
409,0.7020806401969837,0.10702331345314313,SBM,soft,0.5,1
410,0.6891531460229521,0.10169674700582021,DBiAA,soft,0.5,1
411,0.6905074088730598,0.10273302401110879,DSBM,soft,0.5,1
412,0.6830501692828563,0.09864301250343614,BiAA,hard,0.5,1
413,0.6787862199358045,0.09718416398557767,SBM,hard,0.5,1
414,0.6916462208151959,0.10424765671296299,DBiAA,hard,0.5,1
415,0.6702884403992436,0.09676725303951528,DSBM,hard,0.5,1
416,0.6486035263597589,0.08923133332075148,BiAA,soft,0.5,2
417,0.6447524513036978,0.0875131064270183,SBM,soft,0.5,2
418,0.6503904498087323,0.09184075906173886,DBiAA,soft,0.5,2
419,0.6465413533834586,0.09099603815835507,DSBM,soft,0.5,2
420,0.6413747087015784,0.08239671621194708,BiAA,hard,0.5,2
421,0.6436002286417799,0.0830140264804312,SBM,hard,0.5,2
422,0.6509233610341644,0.08830683546790816,DBiAA,hard,0.5,2
423,0.6275816734819504,0.07833246633212576,DSBM,hard,0.5,2
424,0.6469120168843161,0.09239743949039744,BiAA,soft,0.5,3
425,0.6453352679945478,0.0926646965896634,SBM,soft,0.5,3
426,0.6604100162687421,0.09362691687026826,DBiAA,soft,0.5,3
427,0.6534175350657345,0.09274281545797095,DSBM,soft,0.5,3
428,0.6596385701094842,0.08836077508552773,BiAA,hard,0.5,3
429,0.6335476850019786,0.08591290071150635,SBM,hard,0.5,3
430,0.6569564261531021,0.09380814465015476,DBiAA,hard,0.5,3
431,0.6396205425845315,0.08133871791438602,DSBM,hard,0.5,3
432,0.6671305456624016,0.09898524833339747,BiAA,soft,0.5,4
433,0.6589064767181111,0.09804635945345293,SBM,soft,0.5,4
434,0.6621404388163391,0.10132385624663354,DBiAA,soft,0.5,4
435,0.6471707778217474,0.09009097047864424,DSBM,soft,0.5,4
436,0.6477263333773029,0.09041909324963551,BiAA,hard,0.5,4
437,0.6529949874686717,0.08887837711030992,SBM,hard,0.5,4
438,0.6375803543947589,0.08768639404097078,DBiAA,hard,0.5,4
439,0.6196293364991426,0.07959090183907741,DSBM,hard,0.5,4
440,0.6628320802005012,0.1000277210652945,BiAA,soft,0.5,5
441,0.660701754385965,0.09840054813495817,SBM,soft,0.5,5
442,0.6548867783493821,0.09503087113156088,DBiAA,soft,0.5,5
443,0.6663920766829354,0.09806518402680983,DSBM,soft,0.5,5
444,0.664767620806402,0.09360403835611512,BiAA,hard,0.5,5
445,0.6554146330739128,0.08646149231925057,SBM,hard,0.5,5
446,0.6594448841401749,0.08818047256975592,DBiAA,hard,0.5,5
447,0.6278441718330915,0.07888810944255795,DSBM,hard,0.5,5
448,0.678045992173416,0.11282218209810624,BiAA,soft,0.5,6
449,0.6750525436398013,0.10900193213325461,SBM,soft,0.5,6
450,0.6639014202172097,0.10536678784774316,DBiAA,soft,0.5,6
451,0.6612245526095942,0.09939164780536094,DSBM,soft,0.5,6
452,0.6683841181902123,0.09150586057187798,BiAA,hard,0.5,6
453,0.6506997757551773,0.08698334359288759,SBM,hard,0.5,6
454,0.6795583256386581,0.101452038063423,DBiAA,hard,0.5,6
455,0.6620331530580837,0.09517633108576529,DSBM,hard,0.5,6
456,0.6712619267466913,0.09941169788566917,BiAA,soft,0.5,7
457,0.6697056237083938,0.09875754046423899,SBM,soft,0.5,7
458,0.6646634129182606,0.09670922339683355,DBiAA,soft,0.5,7
459,0.6627489777074264,0.09532945899593684,DSBM,soft,0.5,7
460,0.6672905949083234,0.09068269280678959,BiAA,hard,0.5,7
461,0.6672905949083234,0.09068269280678959,SBM,hard,0.5,7
462,0.6719038825133008,0.09556630761223794,DBiAA,hard,0.5,7
463,0.6452948159873367,0.08293071603625407,DSBM,hard,0.5,7
464,0.6672483841181903,0.10018789264205535,BiAA,soft,0.5,8
465,0.663666183001363,0.09751343270056678,SBM,soft,0.5,8
466,0.6662691817262454,0.09981405010005945,DBiAA,soft,0.5,8
467,0.6568832168139648,0.09936128768445202,DSBM,soft,0.5,8
468,0.6594134458954404,0.09242051900940346,BiAA,hard,0.5,8
469,0.6544121268082487,0.09120578936795161,SBM,hard,0.5,8
470,0.6598913951545531,0.09121977351761724,DBiAA,hard,0.5,8
471,0.6389908982983776,0.08338498243231954,DSBM,hard,0.5,8
472,0.6590098052147914,0.10352111445216684,BiAA,soft,0.5,9
473,0.6549602075363848,0.10244581014170157,SBM,soft,0.5,9
474,0.6320265576221256,0.09306109345945784,DBiAA,soft,0.5,9
475,0.625732752934969,0.08873666464815802,DSBM,soft,0.5,9
476,0.6451675240733413,0.09210826450855777,BiAA,hard,0.5,9
477,0.6259897550894781,0.08491053643902026,SBM,hard,0.5,9
478,0.6393263861407906,0.09178267141227713,DBiAA,hard,0.5,9
479,0.61714505562151,0.08103838898131771,DSBM,hard,0.5,9
480,0.6783144264169194,0.10244459468298552,BiAA,soft,0.5,10
481,0.6781921910038253,0.09969360625707904,SBM,soft,0.5,10
482,0.6651822538803148,0.10382255936334722,DBiAA,soft,0.5,10
483,0.6557186826715913,0.09758513142823602,DSBM,soft,0.5,10
484,0.6723972211229828,0.09147509428818003,BiAA,hard,0.5,10
485,0.671608187134503,0.08857309391195832,SBM,hard,0.5,10
486,0.6739950754078178,0.1005832270518643,DBiAA,hard,0.5,10
487,0.6403121839686937,0.08444647114554052,DSBM,hard,0.5,10
488,0.6778155916106056,0.11085440166735636,BiAA,soft,0.5,11
489,0.677325990414633,0.11103201786476173,SBM,soft,0.5,11
490,0.6630550059358924,0.10540954383911827,DBiAA,soft,0.5,11
491,0.6589614386844304,0.10483418742381423,DSBM,soft,0.5,11
492,0.675084861275997,0.09514716007728968,BiAA,hard,0.5,11
493,0.6630061997098009,0.0922250728344211,SBM,hard,0.5,11
494,0.6648797432176933,0.09367392939123374,DBiAA,hard,0.5,11
495,0.6484364419821483,0.08782222808800996,DSBM,hard,0.5,11
496,0.6953700039572615,0.10993958693445208,BiAA,soft,0.5,12
497,0.6975632062612671,0.10994840515860173,SBM,soft,0.5,12
498,0.6910526315789474,0.11283597744600267,DBiAA,soft,0.5,12
499,0.6797168359495228,0.10580763140833521,DSBM,soft,0.5,12
500,0.6743857450644153,0.10012852843888195,BiAA,hard,0.5,12
501,0.668056325023084,0.0952355429812995,SBM,hard,0.5,12
502,0.6844459833795014,0.10817781141698318,DBiAA,hard,0.5,12
503,0.6452455700655148,0.08719724849095138,DSBM,hard,0.5,12
504,0.6521778129534362,0.09297916391737873,BiAA,soft,0.5,13
505,0.6523385217429539,0.09290501509673735,SBM,soft,0.5,13
506,0.641715253044893,0.09065543345609768,DBiAA,soft,0.5,13
507,0.645927098447874,0.08856622192192717,DSBM,soft,0.5,13
508,0.6595556874642747,0.08947103525241298,BiAA,hard,0.5,13
509,0.6319241085169063,0.08372139273492053,SBM,hard,0.5,13
510,0.6579870729455217,0.08948243826464405,DBiAA,hard,0.5,13
511,0.6232977179791583,0.0810810548829829,DSBM,hard,0.5,13
512,0.6849092028316406,0.0977867628967915,BiAA,soft,0.5,14
513,0.6847098008178341,0.0977730485465777,SBM,soft,0.5,14
514,0.6781862551114628,0.09812293730555144,DBiAA,soft,0.5,14
515,0.6693510091017016,0.0943322158563053,DSBM,soft,0.5,14
516,0.6725911269401574,0.09612248134198553,BiAA,hard,0.5,14
517,0.6332286857494613,0.08198754973218195,SBM,hard,0.5,14
518,0.6776634568878336,0.09642091759406211,DBiAA,hard,0.5,14
519,0.6488479971859473,0.09034166079722095,DSBM,hard,0.5,14
520,0.6695642615310206,0.11241967112036977,BiAA,soft,0.5,15
521,0.6642408653211977,0.11267399681335312,SBM,soft,0.5,15
522,0.6692797783933518,0.10133101874720701,DBiAA,soft,0.5,15
523,0.6596807808996175,0.09861792443822678,DSBM,soft,0.5,15
524,0.667274326166293,0.09498611829689571,BiAA,hard,0.5,15
525,0.6536340852130326,0.08746486300417354,SBM,hard,0.5,15
526,0.6672571780328013,0.09929217353792658,DBiAA,hard,0.5,15
527,0.6391337994108077,0.0907525578563106,DSBM,hard,0.5,15
528,0.6449821923229125,0.08661577355841216,BiAA,soft,0.5,16
529,0.6451481774611968,0.0845279984474401,SBM,soft,0.5,16
530,0.6375552917381172,0.08658823758221419,DBiAA,soft,0.5,16
531,0.6338706415160709,0.08202902743041393,DSBM,soft,0.5,16
532,0.6247247504726728,0.0805750776044545,BiAA,hard,0.5,16
533,0.6232042826364156,0.08017668730403267,SBM,hard,0.5,16
534,0.6358114584707382,0.08729330195489317,DBiAA,hard,0.5,16
535,0.6333139867211889,0.08486257366503988,DSBM,hard,0.5,16
536,0.6706364595699776,0.10470599709845063,BiAA,soft,0.5,17
537,0.6665769687376335,0.09926557406598868,SBM,soft,0.5,17
538,0.6765329991645782,0.10091571929825881,DBiAA,soft,0.5,17
539,0.6556540473991997,0.09544434192451044,DSBM,soft,0.5,17
540,0.6711557402277624,0.0911676506526457,BiAA,hard,0.5,17
541,0.6687332366002726,0.0899216488914947,SBM,hard,0.5,17
542,0.6637083937914964,0.09306129318750206,DBiAA,hard,0.5,17
543,0.6555548960119597,0.08892158427506608,DSBM,hard,0.5,17
544,0.6646099898869983,0.10113280933192256,BiAA,soft,0.5,18
545,0.6642525172580575,0.10034974950482052,SBM,soft,0.5,18
546,0.6389614386844304,0.09130937287169781,DBiAA,soft,0.5,18
547,0.6388383238798752,0.08827449494899371,DSBM,soft,0.5,18
548,0.6654665171701183,0.09215642958935921,BiAA,hard,0.5,18
549,0.6523119201512553,0.0868529464046794,SBM,hard,0.5,18
550,0.6563118322121093,0.09263649516443592,DBiAA,hard,0.5,18
551,0.6533548784241304,0.08885521127439155,DSBM,hard,0.5,18
552,0.6400391329200193,0.09871970843249972,BiAA,soft,0.5,19
553,0.6380574242624104,0.09582201564883186,SBM,soft,0.5,19
554,0.6370514004309018,0.0955607479381021,DBiAA,soft,0.5,19
555,0.6358576265224464,0.09454242863739527,DSBM,soft,0.5,19
556,0.6398793035219628,0.08239862323842631,BiAA,hard,0.5,19
557,0.6328336191355582,0.08001725787339267,SBM,hard,0.5,19
558,0.6411915754298025,0.09668132457817204,DBiAA,hard,0.5,19
559,0.6084017060194346,0.08267285498255411,DSBM,hard,0.5,19
560,0.6788902079760806,0.10655209246863726,BiAA,soft,0.5,20
561,0.6711618959679901,0.0998698361302968,SBM,soft,0.5,20
562,0.6758266279734424,0.10163653786302723,DBiAA,soft,0.5,20
563,0.672195840478389,0.10037490615868916,DSBM,soft,0.5,20
564,0.6768742030514885,0.09774473594541114,BiAA,hard,0.5,20
565,0.6724919755529173,0.09368539728179469,SBM,hard,0.5,20
566,0.6786963021589061,0.09964728309265898,DBiAA,hard,0.5,20
567,0.6714813349162378,0.09745796814680738,DSBM,hard,0.5,20
568,0.6783480631403069,0.10321681744085597,BiAA,soft,0.5,21
569,0.6786787143296839,0.10357559051652862,SBM,soft,0.5,21
570,0.668820736050653,0.09721469458906962,DBiAA,soft,0.5,21
571,0.6646722068328716,0.0977277967202964,DSBM,soft,0.5,21
572,0.676969836872884,0.09396767581280158,BiAA,hard,0.5,21
573,0.676969836872884,0.09396767581280158,SBM,hard,0.5,21
574,0.6810464758387197,0.09729035154190979,DBiAA,hard,0.5,21
575,0.6560620850371544,0.09048135749259549,DSBM,hard,0.5,21
576,0.6353423031262366,0.08846719111046497,BiAA,soft,0.5,22
577,0.635480587433496,0.08419908016812479,SBM,soft,0.5,22
578,0.6347948819416963,0.08372961486356503,DBiAA,soft,0.5,22
579,0.6253845139163698,0.08137985534494487,DSBM,soft,0.5,22
580,0.6239781471221915,0.08041120787557623,BiAA,hard,0.5,22
581,0.6239781471221915,0.07966450862334606,SBM,hard,0.5,22
582,0.6259917337202656,0.0802194674049651,DBiAA,hard,0.5,22
583,0.6084676603790178,0.07617052232274607,DSBM,hard,0.5,22
584,0.6648643538671238,0.0932279028049946,BiAA,soft,0.5,23
585,0.6624499846106494,0.08982258009915822,SBM,soft,0.5,23
586,0.6560647232115376,0.08946320755573292,DBiAA,soft,0.5,23
587,0.6554350789253837,0.08542643396040933,DSBM,soft,0.5,23
588,0.6552495273270896,0.08865005478211564,BiAA,hard,0.5,23
589,0.6440654267247066,0.0842081588071398,SBM,hard,0.5,23
590,0.6632845271072417,0.09312790404194907,DBiAA,hard,0.5,23
591,0.6274119509299565,0.08402235678168718,DSBM,hard,0.5,23
592,0.6602624983511409,0.1055189544079774,BiAA,soft,0.5,24
593,0.6591938178780284,0.10265528801791865,SBM,soft,0.5,24
594,0.6570747043046211,0.0918678405102617,DBiAA,soft,0.5,24
595,0.6508868662885283,0.09260110118642133,DSBM,soft,0.5,24
596,0.6455990854328805,0.08862071906744731,BiAA,hard,0.5,24
597,0.6455990854328805,0.0880326534146591,SBM,hard,0.5,24
598,0.6532154948775447,0.08871861043659995,DBiAA,hard,0.5,24
599,0.6072985094314733,0.073856459580847,DSBM,hard,0.5,24
600,0.5653676596189094,0.06104986445603162,BiAA,soft,1.0,0
601,0.5653911137899019,0.05870025761870111,SBM,soft,1.0,0
602,0.5658882979617883,0.060193348834589565,DBiAA,soft,1.0,0
603,0.5563335997373133,0.057225474121084904,DSBM,soft,1.0,0
604,0.5475898405381892,0.05864127151044464,BiAA,hard,1.0,0
605,0.5297195323680836,0.05555636693349385,SBM,hard,1.0,0
606,0.5540561112276444,0.062441829261897244,DBiAA,hard,1.0,0
607,0.5546106032324273,0.0614607404195254,DSBM,hard,1.0,0
608,0.5593324146378809,0.061392090006827514,BiAA,soft,1.0,1
609,0.5393804381593167,0.06396735213644072,SBM,soft,1.0,1
610,0.5524200721680417,0.06284687966735603,DBiAA,soft,1.0,1
611,0.5504485942100945,0.06302223896740877,DSBM,soft,1.0,1
612,0.5467709359453314,0.05689720381732617,BiAA,hard,1.0,1
613,0.5352146676189944,0.0553733047078485,SBM,hard,1.0,1
614,0.5614490429370641,0.06843387019522905,DBiAA,hard,1.0,1
615,0.5568110912561965,0.06817669830605695,DSBM,hard,1.0,1
616,0.5850819966668525,0.07431442680935899,BiAA,soft,1.0,2
617,0.5859108582190938,0.06532687061686301,SBM,soft,1.0,2
618,0.6008797084248267,0.0762891404088567,DBiAA,soft,1.0,2
619,0.6067200182677016,0.07316540045025931,DSBM,soft,1.0,2
620,0.6118673237374797,0.07110308098549684,BiAA,hard,1.0,2
621,0.5543753977252108,0.057914074062167815,SBM,hard,1.0,2
622,0.5945827060448923,0.0742763453796412,DBiAA,hard,1.0,2
623,0.5947840578902044,0.06951129579653813,DSBM,hard,1.0,2
624,0.5662606882427338,0.06299580776187587,BiAA,soft,1.0,3
625,0.5541003643804603,0.060450375820818324,SBM,soft,1.0,3
626,0.5738562993920502,0.07085043738629371,DBiAA,soft,1.0,3
627,0.566327953035014,0.062102135436323494,DSBM,soft,1.0,3
628,0.5692590606117733,0.061997260087295884,BiAA,hard,1.0,3
629,0.5692590606117733,0.06090471671847704,SBM,hard,1.0,3
630,0.5801588334160868,0.06943854787296691,DBiAA,hard,1.0,3
631,0.5805630859670596,0.06961963656731565,DSBM,hard,1.0,3
632,0.5679392103290399,0.0653957368946602,BiAA,soft,1.0,4
633,0.5550091028735342,0.0624953684470732,SBM,soft,1.0,4
634,0.5805296748366837,0.07099111293593792,DBiAA,soft,1.0,4
635,0.5835023803770899,0.06752479101767125,DSBM,soft,1.0,4
636,0.5869702786975057,0.06563697405308981,BiAA,hard,1.0,4
637,0.5596545775903804,0.05973950738733867,SBM,hard,1.0,4
638,0.571053747224221,0.06545341119987777,DBiAA,hard,1.0,4
639,0.5691411259595189,0.06549302264242976,DSBM,hard,1.0,4
640,0.5494714845959201,0.06194827328124895,BiAA,soft,1.0,5
641,0.5432915318051834,0.057970082975403237,SBM,soft,1.0,5
642,0.559605899122283,0.06680984221257501,DBiAA,soft,1.0,5
643,0.5615512677200687,0.06527689477327353,DSBM,soft,1.0,5
644,0.5552693114120915,0.06007463890970365,BiAA,hard,1.0,5
645,0.5320596390889869,0.05548736026000578,SBM,hard,1.0,5
646,0.5660301293165632,0.0622200698474312,DBiAA,hard,1.0,5
647,0.5460954115675971,0.05928519013871441,DSBM,hard,1.0,5
648,0.5889112219800099,0.07093918722788217,BiAA,soft,1.0,6
649,0.5888313450391773,0.06755593058919941,SBM,soft,1.0,6
650,0.6091924419155244,0.07147606368246992,DBiAA,soft,1.0,6
651,0.586181687514327,0.06657835713339932,DSBM,soft,1.0,6
652,0.5868682751802653,0.06333553708908675,BiAA,hard,1.0,6
653,0.5331586661391691,0.05745206289001584,SBM,hard,1.0,6
654,0.5964793961745805,0.07012453835339055,DBiAA,hard,1.0,6
655,0.5971142076517242,0.07017909328326112,DSBM,hard,1.0,6
656,0.5683713423662868,0.062448591590044567,BiAA,soft,1.0,7
657,0.5378842390626121,0.058491365980071854,SBM,soft,1.0,7
658,0.5594319842317166,0.06121460196318669,DBiAA,soft,1.0,7
659,0.5672630221540134,0.06177849680061411,DSBM,soft,1.0,7
660,0.5553144496279637,0.05740267069701717,BiAA,hard,1.0,7
661,0.5400825144287404,0.05665927885418728,SBM,hard,1.0,7
662,0.5419223392570605,0.05797361450100492,DBiAA,hard,1.0,7
663,0.5382028617628863,0.05720342958379154,DSBM,hard,1.0,7
664,0.5804628525759317,0.0744232893675307,BiAA,soft,1.0,8
665,0.5646430142415497,0.07072078931819022,SBM,soft,1.0,8
666,0.5759817783217965,0.07378139727620878,DBiAA,soft,1.0,8
667,0.5617123491963185,0.06949222500898324,DSBM,soft,1.0,8
668,0.5818382405654491,0.06512899743507142,BiAA,hard,1.0,8
669,0.5818382405654491,0.06512899743507142,SBM,hard,1.0,8
670,0.5753626767139025,0.06841959848185847,DBiAA,hard,1.0,8
671,0.5592452359268336,0.0620295321797023,DSBM,hard,1.0,8
672,0.5840307630217114,0.07000211272579569,BiAA,soft,1.0,9
673,0.5712077481960203,0.06538811380959068,SBM,soft,1.0,9
674,0.5880690844819239,0.06657500844390737,DBiAA,soft,1.0,9
675,0.5568869854132757,0.060266457125559544,DSBM,soft,1.0,9
676,0.581944005600679,0.06549443742945225,BiAA,hard,1.0,9
677,0.5595262434472145,0.05849369561619443,SBM,hard,1.0,9
678,0.5773133556900262,0.07172613294993962,DBiAA,hard,1.0,9
679,0.5776729125566551,0.0678319101827858,DSBM,hard,1.0,9
680,0.556224515715622,0.05948441915835015,BiAA,soft,1.0,10
681,0.5466105182663739,0.05624601060881006,SBM,soft,1.0,10
682,0.5674316266662418,0.06201329250799433,DBiAA,soft,1.0,10
683,0.5556164773959321,0.059372361082046965,DSBM,soft,1.0,10
684,0.5625102335415886,0.06136173428927023,BiAA,hard,1.0,10
685,0.5422787984029922,0.05544285476621677,SBM,hard,1.0,10
686,0.5908344640013878,0.06628084966540036,DBiAA,hard,1.0,10
687,0.5861808024512706,0.06577347456500798,DSBM,hard,1.0,10
688,0.5532847787740638,0.06201708644018062,BiAA,soft,1.0,11
689,0.5548743520232099,0.060769177101423086,SBM,soft,1.0,11
690,0.5597776013552086,0.06004291444530626,DBiAA,soft,1.0,11
691,0.562943029376128,0.06032089420149202,DSBM,soft,1.0,11
692,0.5737290715777046,0.06132702413236649,BiAA,hard,1.0,11
693,0.5737290715777046,0.06132702413236649,SBM,hard,1.0,11
694,0.571547169878118,0.06321921941016943,DBiAA,hard,1.0,11
695,0.561172903263493,0.061443901141759086,DSBM,hard,1.0,11
696,0.5783453392136922,0.06702986532019359,BiAA,soft,1.0,12
697,0.5592012040397818,0.0638207071514646,SBM,soft,1.0,12
698,0.588175292048682,0.07532009209516738,DBiAA,soft,1.0,12
699,0.5761039170235682,0.07096623871202831,DSBM,soft,1.0,12
700,0.5867673779918451,0.06518645949769825,BiAA,hard,1.0,12
701,0.5476783468438208,0.05738299905289795,SBM,hard,1.0,12
702,0.5687216060708244,0.06528484608989674,DBiAA,hard,1.0,12
703,0.5635523952904025,0.0633432486135187,DSBM,hard,1.0,12
704,0.5781955422914105,0.06754561785495114,BiAA,soft,1.0,13
705,0.5716653257961364,0.06253445667706174,SBM,soft,1.0,13
706,0.5781196481343314,0.06433643428454619,DBiAA,soft,1.0,13
707,0.5613702723250519,0.06230288967465998,DSBM,soft,1.0,13
708,0.5755485399557291,0.06380499945346804,BiAA,hard,1.0,13
709,0.5514721696347256,0.057608525060167406,SBM,hard,1.0,13
710,0.5553797230283671,0.06493390039535253,DBiAA,hard,1.0,13
711,0.5651216120892534,0.06746210464993985,DSBM,hard,1.0,13
712,0.5612618521006529,0.06491459281302242,BiAA,soft,1.0,14
713,0.5508521829637752,0.06426578981530728,SBM,soft,1.0,14
714,0.5793782078004148,0.06878973764764768,DBiAA,soft,1.0,14
715,0.5519175776178175,0.05930625511669588,DSBM,soft,1.0,14
716,0.5630222425196683,0.06105010364952496,BiAA,hard,1.0,14
717,0.5520571963149514,0.059315217677554946,SBM,hard,1.0,14
718,0.566974934129182,0.06427250727112924,DBiAA,hard,1.0,14
719,0.566790841013468,0.06353240046970948,DSBM,hard,1.0,14
720,0.5918071483002807,0.0684597202923445,BiAA,soft,1.0,15
721,0.5636718788030053,0.060330450095188115,SBM,soft,1.0,15
722,0.5763517346793372,0.07092319192095123,DBiAA,soft,1.0,15
723,0.5731424960371302,0.06642348293031984,DSBM,soft,1.0,15
724,0.5686607579857027,0.06352512209054377,BiAA,hard,1.0,15
725,0.5593065265434836,0.05863333189657956,SBM,hard,1.0,15
726,0.5826425416178775,0.06833241367277593,DBiAA,hard,1.0,15
727,0.5794341880387268,0.06788868727170025,DSBM,hard,1.0,15
728,0.5767309841989692,0.06830372327354677,BiAA,soft,1.0,16
729,0.5508327115765362,0.06527014196487854,SBM,soft,1.0,16
730,0.579752589473237,0.07046349458361172,DBiAA,soft,1.0,16
731,0.5748816449427939,0.06723520361491267,DSBM,soft,1.0,16
732,0.5546975606777105,0.05959448551935957,BiAA,hard,1.0,16
733,0.5331719420850138,0.054265548303027204,SBM,hard,1.0,16
734,0.5921943633874195,0.06839390852969468,DBiAA,hard,1.0,16
735,0.5961731643570947,0.07077100374070772,DSBM,hard,1.0,16
736,0.5279374579041883,0.05900854021988312,BiAA,soft,1.0,17
737,0.5291371608770266,0.05756679028281429,SBM,soft,1.0,17
738,0.571708693885896,0.0642056258158176,DBiAA,soft,1.0,17
739,0.5580437628278827,0.060775794088882146,DSBM,soft,1.0,17
740,0.5592357214989783,0.06058723907765865,BiAA,hard,1.0,17
741,0.5370974180055458,0.059004939107413126,SBM,hard,1.0,17
742,0.5553089179838617,0.0633161642887175,DBiAA,hard,1.0,17
743,0.5544052686033617,0.062436357230685684,DSBM,hard,1.0,17
744,0.5540609790744542,0.06319770163826699,BiAA,soft,1.0,18
745,0.5290271917922792,0.05798386745505338,SBM,soft,1.0,18
746,0.5732916291621196,0.06424672444698339,DBiAA,soft,1.0,18
747,0.571268375015378,0.06608379104858866,DSBM,soft,1.0,18
748,0.5696363187395286,0.05933740414013688,BiAA,hard,1.0,18
749,0.5363457782049681,0.05485975875697419,SBM,hard,1.0,18
750,0.5564949024793271,0.06034730177395255,DBiAA,hard,1.0,18
751,0.5537582875091935,0.0617540565939017,DSBM,hard,1.0,18
752,0.5825684175869109,0.06653976058197113,BiAA,soft,1.0,19
753,0.5827706544952795,0.06958550890532003,SBM,soft,1.0,19
754,0.5842141923401333,0.06705859151753116,DBiAA,soft,1.0,19
755,0.5753454179843043,0.06442660084215021,DSBM,soft,1.0,19
756,0.5726895650180597,0.06190841394978631,BiAA,hard,1.0,19
757,0.5325616911076829,0.05524267128408795,SBM,hard,1.0,19
758,0.5843091153529233,0.06846864752590301,DBiAA,hard,1.0,19
759,0.5758206968455467,0.0653479648305709,DSBM,hard,1.0,19
760,0.561061164052633,0.060497944380504265,BiAA,soft,1.0,20
761,0.5526265131259276,0.062400160366554325,SBM,soft,1.0,20
762,0.5625867914959601,0.062133935582363894,DBiAA,soft,1.0,20
763,0.5650512495762761,0.06409776471996895,DSBM,soft,1.0,20
764,0.5662385616663259,0.06069772850596106,BiAA,hard,1.0,20
765,0.5642668624426147,0.060475277046926505,SBM,hard,1.0,20
766,0.5690924474914215,0.06623269401066112,DBiAA,hard,1.0,20
767,0.566628874474162,0.06347920863259995,DSBM,hard,1.0,20
768,0.571332542086961,0.07019578344773113,BiAA,soft,1.0,21
769,0.5703616279141808,0.06356458425671918,SBM,soft,1.0,21
770,0.5750139618697133,0.07726970897010202,DBiAA,soft,1.0,21
771,0.5586217090036579,0.06578806259602507,DSBM,soft,1.0,21
772,0.5766278743529083,0.06343943718577051,BiAA,hard,1.0,21
773,0.5546867186552705,0.05922433476090323,SBM,hard,1.0,21
774,0.5746183386835395,0.07345700227901851,DBiAA,hard,1.0,21
775,0.5704974850933255,0.07268574415396784,DSBM,hard,1.0,21
776,0.5546477758807926,0.06230745719042251,BiAA,soft,1.0,22
777,0.5543607941847817,0.06132704598821978,SBM,soft,1.0,22
778,0.5477367610055378,0.06440600535355859,DBiAA,soft,1.0,22
779,0.5541477152539733,0.06040582918125152,DSBM,soft,1.0,22
780,0.5560647618339568,0.05981856643920047,BiAA,hard,1.0,22
781,0.5560647618339568,0.05981856643920047,SBM,hard,1.0,22
782,0.5521921684310398,0.07071169626050594,DBiAA,hard,1.0,22
783,0.5526685536211027,0.06944226146338138,DSBM,hard,1.0,22
784,0.5800331544620896,0.0684988773322342,BiAA,soft,1.0,23
785,0.5619940205139915,0.06322215817564789,SBM,soft,1.0,23
786,0.588139004463373,0.0708812348594175,DBiAA,soft,1.0,23
787,0.5856895924550145,0.0682135277811911,DSBM,soft,1.0,23
788,0.5746291807059793,0.06274970831725761,BiAA,hard,1.0,23
789,0.5746291807059793,0.06274970831725761,SBM,hard,1.0,23
790,0.5885244494243992,0.07090174891090537,DBiAA,hard,1.0,23
791,0.5882168900123289,0.06952074818637569,DSBM,hard,1.0,23
792,0.5747665867454727,0.06641940511838584,BiAA,soft,1.0,24
793,0.5653023862185061,0.0652052893400565,SBM,soft,1.0,24
794,0.5854156654390842,0.06675229776101874,DBiAA,soft,1.0,24
795,0.5762658835628744,0.06732882893083494,DSBM,soft,1.0,24
796,0.5798893317154381,0.06613750949607206,BiAA,hard,1.0,24
797,0.5557580874849428,0.06019427215265296,SBM,hard,1.0,24
798,0.5863496282292632,0.0712991661639046,DBiAA,hard,1.0,24
799,0.5715130949504498,0.07109701268449106,DSBM,hard,1.0,24
